pk_clientes;CustomerKey;Customer;Customer Type;Line of Business;Business Unit;Business Family;Regional Sales Mgr;Phone;Division;Address Number
6c69cdb5069e9116670dca0c9ec5cca5f3a050258f4e138a42e0a2c016863f2e;10011546;Farrell Supermarket;G2;Não Informado;1;R3;S1;816-455-8733;1;10011546
e3e2cc00a9053f4c26c63fdd241ebcc875f37472e4ded72bae6cd6fc2b681af3;10025298;U. Supermarket;G3;Não Informado;1;R3;S17;816-455-8733;1;10025298
c5cd8544e4a29b6f4516d5375007f345281a6f833133d854a83929cfae01d2ee;10025288;Transylvania Supermarket;G1;M1;1;R3;S19;816-455-8733;1;10025288
e4b5b1779597a024dda66142cd693411eaeb83b55d50f09fce1f35518f52cc31;10020962;Output Supermarket;G2;Não Informado;1;R2;S5;816-455-8733;2;10020962
9f3bc253162d6dfa845cd6beebcfa889c017ecd6b53cd4970220cf243a12ba11;10025495;UniForum Shop;G2;Não Informado;1;R3;S5;816-455-8733;2;10025495
a3038eaa6b3c629c84b584158b83430a3730f39e842ef05dfd59ff4d3e639986;10025062;TargetedListings Shop;G2;Não Informado;1;R3;S1;816-455-8733;2;10025062
1ef036595c4e804bc3fd1d80f57ff2dcaeea8882a65d450670acf21b93663e6d;10013899;Grumman Market;G2;Não Informado;1;R3;S1;816-455-8733;1;10013899
d2a84b1276bdc4409867a621a37ff72c526f5af5e5187fc90cc2953e1c68c180;10025549;UNIS Supermarket;G2;Não Informado;1;R2;S5;816-455-8733;2;10025549
f1cf92680b617ecfc108ca6f80c836803338506e826e8f3a8379f6036b638351;10013312;Gate9th Shop;G2;Não Informado;1;R2;S9;816-455-8733;1;10013312
b8af31915483071b353b3163ad013cab9e421a76f03265aeff05a3a650061c86;10021412;Panngea Shop;G2;Não Informado;1;R4;S18;816-455-8733;2;10021412
db68497d4849a8a993c921d68146a8db7f5678cd51b8749030c0e52cf27a7e66;10024999;TAGnology Shop;G2;Não Informado;1;R2;S5;816-455-8733;2;10024999
cb5cc2712e650edf737469a3f9d9e88cfc9ac0bb07516c079b4062b5a677d728;10025291;Trend Market;G2;Não Informado;1;R3;S16;816-455-8733;2;10025291
d62482fe024722954c59ffebe857d874f17a11c8f4356e8647277af8a3f25135;10021107;P.C.G. Supermarket;G2;Não Informado;1;R3;S1;816-455-8733;1;10021107
455ea7b982860653b7a0a98495ecd35e92668688a40b1b55f01c8abf336ad965;10004302;Berkeley Supermarket;G2;M1;1;R3;S1;816-455-8733;2;10004302
447bbb19feb4a1c22e8a16cc69c0956507bac1d08d4e31d3583208d3381adf30;10009679;Debenhams Supermarket;G2;Não Informado;1;R3;S16;816-455-8733;2;10009679
373bba7b49195fe90629c9beeed92a5265f45a729987c5d26648ce5dcbe4faa1;10018518;K Shop;G2;Não Informado;1;O2;S12;816-455-8733;1;10018518
c8f556c33ff8657bfd9c6aa0656f68b6709400c28efd7c013bd70d97e9eff12e;10025032;Talkland Shop;G1;M1;1;R3;S19;816-455-8733;1;10025032
13f32ba059676e76d1433a07c8547bc8a39e9b1ed518b235959661e21ef1a2fe;10023513;Sagent Shop;G2;Não Informado;1;R3;S16;816-455-8733;2;10023513
fe2c6659b6d18719cc49d1b4a72d0a64356c300018d3f7f8d33fbb6fb157300f;10023759;SASCO Store;G2;Não Informado;1;R3;S1;816-455-8733;2;10023759
3b089570dda36eecec966dc0468e04eaeaf6e509ba12a65b020e96440d503ad9;10024725;Stone Market;G2;Não Informado;1;R3;S16;816-455-8733;2;10024725
f379ad87a9aa6589dedafe8387337b41401f620105104c2a5e2fb695110ba8e3;10011734;Felidae Enterprises;G2;Não Informado;1;R3;S16;816-455-8733;2;10011734
dc9e9f39c1533422c5a8a39d3474eaefb84e5c03fb5fbbb65f92665cadb9b930;10025251;Time Supermarket;G2;Não Informado;1;R2;S5;816-455-8733;2;10025251
da727be345b6323878a4a432baff7aa3c70225366d0f42bb8d6c1dd5a70dbf81;10021223;PacificServ Shop;G2;Não Informado;1;O2;S12;816-455-8733;2;10021223
48bf9c4b5b9b69368aa39c8f21b764b95d734580daab828aea95b1f744ccfb4f;10009645;Day Market;G2;Não Informado;1;O2;S12;816-455-8733;1;10009645
30e1a24e3713f83d352a97376ca505edc675a1dc217746ff1e83413cf5eb5e3d;10011499;Farmland Supermarket;G2;Não Informado;1;R3;S14;816-455-8733;1;10011499
b67bce89df543255b8087de5de8b39d2f9560db83b86d3e30e8c5583707cbd6f;10021470;Papyrus Supermarket;G2;Não Informado;1;R3;S16;816-455-8733;2;10021470
fe0ed95289afa065cc81dc123ea259d48ddc119b3eb02f65f47c1985c8daf4c1;10025305;Ubicco Shop;G2;Não Informado;1;R3;S16;816-455-8733;2;10025305
aa3118aa6b9d53446865a557827958175fa597a3731c135d832b1329353524f1;10013574;Gebbie Store;G2;Não Informado;1;R3;S16;816-455-8733;1;10013574
cc7db9f1bed03c1a99a5fc1aee01739b95f8f84b45ee4d0b6c3a78fd61232fe2;10024034;Script Supermarket;G3;Não Informado;1;R3;S5;816-455-8733;1;10024034
b61ba54e2bd33937c0c9f3ed39730552b529fc05af7b007cdb0d2875001598e5;10021297;PageSites Shop;G2;Não Informado;1;R3;S1;816-455-8733;1;10021297
6fd02fe9183713662e42930369a136ea95cd7a4fad605c2980235b2245a79def;10000481;Abbott Shop;G2;Não Informado;1;R2;S5;816-455-8733;2;10000481
e04fd05d6489c4c49c28bd7f0a81591ca9e0b59551cfe7c64deca44840cc8abf;10024550;Southwire Store;G2;Não Informado;1;R2;S9;816-455-8733;2;10024550
e08d1eaf6d26a4d9cd5df9f488b3e30518f4d164d4e46dcd7f87a0664e2f0149;10000466;A2Z Store;G2;Não Informado;1;R3;S16;816-455-8733;2;10000466
13b5e2ba1594f7ef4de22e14f3f8488cc551e0a9c25eac09b0fd5fb7613417bf;10026522;XCOM Shop;G2;Não Informado;1;R3;S16;816-455-8733;2;10026522
a46ce1e951fc8c988e5d39fc516d9753826254acc49c4c48077f586a605c563e;10020448;Nanao Shop;G3;Não Informado;1;R3;S5;816-455-8733;1;10020448
b6319a6e03aef3511b1598bcbfdc46e0ed33c14e4d97d1c28ae14b32d411afdd;10025052;Target Gigstore;G1;Não Informado;1;O2;S1;816-455-8733;1;10025052
0a063796d05157a18b9294752045cc033993144ca656a4e805a5339455c93623;10027082;ySecret Shop;G3;Não Informado;1;R3;S5;816-455-8733;1;10027082
661aaa90b6cbe2f416a5559a0769183beef60b1c7ec4645647971ac0958323bc;10020491;Nbase Shop;G1;M1;1;R3;S16;816-455-8733;1;10020491
af176849f5a98ff852a8aaae60a745f7d64057ba5b0dc4cd7e66ef234f92fb69;10025249;Texasgulf Market;G2;Não Informado;1;R1;S11;816-455-8733;2;10025249
53a9046471772439814002a92b5050f304dcbe58a1cb1975c585a3cec023098d;10020982;Outsource Store;G2;Não Informado;1;R3;S1;816-455-8733;1;10020982
1067f1262d0238fcde8c59570eee4d1116416d98b6fd747582acc7acf2933039;10005810;Big Shop;G1;M1;1;R3;S19;816-455-8733;1;10005810
5af4ad7016c6b675efeaee46f930ed7ec4e69652b00d4c8c0faa45b60566e28e;10003749;Associates Shop;G1;M1;1;R3;S19;816-455-8733;1;10003749
e15c3c2a0283d3d8bbbaa166a0bc7e3aec7426005c7d4b71d36cf00776ed2c0d;10021422;PAP Supermarket;G2;Não Informado;1;R1;S4;816-455-8733;2;10021422
be15516b45a4e3883b0127f69b6be5825353694a3d22f3b868ffc134ff5fdc0a;10010906;ediSys Shop;G2;Não Informado;1;R3;S1;816-455-8733;2;10010906
e842e44bdb367df46f45781eb1244422cf01b76e0835e8a3a5e528bb7fe3cab5;10026291;Warsun Supermarket;G2;Não Informado;1;R3;S16;816-455-8733;2;10026291
46f2896fae3810705cc8b6afd32545719ce50515d3c7d87c62633054063bf94e;10015886;Hewlett Supermarket;G2;Não Informado;1;R3;S1;816-455-8733;1;10015886
10b9016c92bdc0ddbefd69725f3fc451b23abf92189599f5debabbcdb6a21aca;10021179;Pacific Store;G2;Não Informado;1;R3;S4;816-455-8733;2;10021179
f5f1565315768cd31569bb87b1314c2a09be3fa1292bc36f1b0b325d22d4caea;10025769;UUmail Shop;G2;Não Informado;1;R3;S1;816-455-8733;2;10025769
4f248fa624ab81f938e8ea326742a2f79dd3dab51b1da332f6177faad22e67c0;10011345;Emergent Shop;G2;Não Informado;1;R3;S16;816-455-8733;1;10011345
bf663c6e054fab1058ce8e0a87f2e353400237adcb70fa764654ba170bda629f;10014495;Harvard Supermarket;G2;Não Informado;1;R3;S16;816-455-8733;2;10014495
d090c67a97ca137783a8b963f840b61aa4aa317f0b03eb24655c27a388e4ebd8;10024009;Scottish Supermarket;G2;Não Informado;1;R2;S2;816-455-8733;2;10024009
08e1dbb0609eefe0fe738a9ea2bdc1fe2df0afbcab98cb62e76bbad81f491a55;10009672;DEAC Shop;G2;Não Informado;1;R3;S16;816-455-8733;2;10009672
4baaf5cc6aaeb670fdadd77135348c20deaa5984ad00b9283b49dc438a5ecd22;10014779;HBO Supermarket;G2;Não Informado;1;R3;S16;816-455-8733;2;10014779
75e456c4cc8322f7ff59667501b947e8dcc6c5a9e5b51b54daaea7d7b17ec670;10027348;Zephyr Shop;G2;Não Informado;1;R2;S5;816-455-8733;2;10027348
b8b566088317a8462e5eb1fda996080c39b1da0f0a2a79bb03935755013c0ea6;10014471;Harts Superstore;G3;Não Informado;1;R1;S2;816-455-8733;1;10014471
6df0c30fe0664af3a34993ec3c7ade416b2a704b6895f9466f4fe76093f40ba6;10013052;GammaGraphX Store;G2;Não Informado;1;R3;S16;816-455-8733;1;10013052
41297c469435c06a2578ab45c35c59d513856e38f87287e4339b1ea1c416c82b;10015495;Hennings;G2;M1;1;R3;S16;816-455-8733;2;10015495
d703a8c6b89e5b2f679486497487b187910b694cac4eb843e14bbcac8f4afb2f;10021145;Pacel Shop;G2;Não Informado;1;R2;S5;816-455-8733;2;10021145
48b27227b1064d4cd50b16f629268ff667ec6aa5531af2da496a880037a4c8dc;10025508;Unimedya Shop;G3;Não Informado;1;R3;S5;816-455-8733;1;10025508
fde7ee816e0de023264582933776091bdd22b50f27d113d20f15884790ebdc13;10009656;DCS Market;G2;Não Informado;1;R3;S16;816-455-8733;2;10009656
ef2147dee70c3b28381dc93a541b6e0fe4db834856e4e61e7cde17b157152897;10014810;Healtheon Shop;G2;Não Informado;1;O1;S5;816-455-8733;2;10014810
5537bfee8c47ad2ca622f4ec3f139ac9db109eaef55cb67171ccb60e76a08bea;10021006;Overdreams Shop;G2;Não Informado;1;R3;S1;816-455-8733;1;10021006
79c19df126414e76d7f07cf5ea26a33aa8cdb6766789587269ef2afab216a8bd;10022470;Racal Store;G2;Não Informado;1;R3;S5;816-455-8733;2;10022470
2c7796249a2f85474e31b9cec64ab9677ba1d1161346ba5e2b7b560c719bdba0;10022249;Quantum Supermarket;G2;Não Informado;1;R3;S16;816-455-8733;2;10022249
098201d2879f9784f1653b5e16f0f15ac63dc5891e251bd8627a99bfae7d3aa5;10011018;Eloi Supermarket;G2;Não Informado;1;R3;S1;816-455-8733;1;10011018
41bec31cb5d4ca2d65d0d30ccab4fd8070b4fc50a9f12f006dc9f66334056777;10000460;Meals Market;G2;Não Informado;1;R3;S16;816-455-8733;2;10000460
d2890d14f04f0b56d71f02377165b11f8c48ba64adcab1d43c1adcd64a2f7230;10000471;Aadast Shop;G1;M1;1;R3;S19;816-455-8733;1;10000471
abbad8fb74d918f6e5805060bbe39e61b183d7c40744dea6d5669becba681e78;10019514;Kimball Supermarket;G2;Não Informado;1;R2;S4;816-455-8733;1;10019514
fc44c38f7bc7f60a58dff4998f86906ec72daaedeaa02cf49d9eb900b05f602e;10023785;Satyam Shop;G2;Não Informado;1;R2;S5;816-455-8733;2;10023785
336b5238436ea2c30c2e0bedabba0ba7b8fde3a9d2bec999d53420b29836c15e;10016564;Home Market;G2;Não Informado;1;R3;S16;816-455-8733;2;10016564
8f6ea057e6df45b60110b7ce7a0fc218e87afb414224b59c0d4657c0519ef4f1;10027575;Zitel Shop;G2;Não Informado;1;R3;S1;816-455-8733;2;10027575
eb50cda9511d2166519e117af636edf2e6cbe21cafa862c1720707b84b909f06;10002746;Active Supermarket;G2;Não Informado;1;R3;S9;816-455-8733;2;10002746
7559133eac1e0697fe92e471040977db7ecba0ad6bf52ef040a467f7c53e27b3;10015824;Heurikon Shop;G2;Não Informado;1;R2;S5;816-455-8733;2;10015824
f4bfba995cabb4a53773cfc89f2deb685888f99576af77018e6a6d75cea1c1ce;10006862;BL Supermarket;G2;Não Informado;1;R3;S1;816-455-8733;2;10006862
45e3543d751109fd40de7aab2d4adc4ecc1347f2bde9f106c3b0ba3c204758b1;10025038;Tanager Shop;G2;Não Informado;1;R2;S11;816-455-8733;2;10025038
6ec51878e77dc088928d855786fb54bbeda2f1a191f3e8258f572d00f78e1fbb;10012715;Fokas Midstore;G2;M1;1;R3;S16;816-455-8733;2;10012715
bb3cc6c453ad4082e0ef214ecce8396dd237052a77027159654f8d3dc9401646;CustomerKey;Customer;Customer Type;Line of Business;Business Unit;Business Family;Regional Sales Mgr;Phone;Division;Address Number
99eaa77980a82e37765caba8b922c6a0b812af704ffdcd664e3c9a264c9dd14e;10022746;Rdlabs Shop;G1;M1;1;R3;S19;816-455-8733;1;10022746
a28eb4c816a96054779f6c25f2f1845880b7c666f679db2c0aaae3a20742dcec;10006916;Boott Store;G2;Não Informado;1;R3;S16;816-455-8733;1;10006916
8cb1d1f4aacdeb0011059314cdf71c9a23cedf96a054526a3f67908f9cb0ae4a;10004256;Benedict Shop;G2;Não Informado;1;R3;S16;816-455-8733;2;10004256
352a541654f84a4df4325239d74909353596915ea2c15b766d5ab80f77e8f978;10019879;Litton Shop;G2;Não Informado;1;R3;S1;816-455-8733;2;10019879
1c290ee26fa42bd733d9bbe01012d595ef2ce94188cba9f06e12482f52aea129;10024006;ScotGold Market;G2;M1;1;R3;S16;816-455-8733;2;10024006
ebd09e086b7bbf56b139e58d6b3f0a23fa32748368deba6092b232c41901ceb2;10022456;Ra Maxistore;G2;Não Informado;1;R3;S16;816-455-8733;2;10022456
cece74f3a7e0c20ea88e287f77e6ab1acf17ef4c25f27a743d4877529b5a9a16;10020184;Matradi Megastore;G2;Não Informado;1;O2;S12;816-455-8733;2;10020184
8e739663bab285e8681aa502937859f6dabc6688bbcc51deb8f7c0770c3ca83c;10021184;Pacific Supermarket;G2;Não Informado;1;R3;S16;816-455-8733;2;10021184
dff3ef088e1a4759c743d1711ab49beb9c700b9d922e8dfa145ed0e7d6f65bca;10024924;T.M. Store;G1;M1;1;R3;S16;816-455-8733;1;10024924
d52a2e07ad2079ce7c877501d08d5399ca2baf6d796d0cdd99b680ecbb401010;10021240;PAGE Shop;G2;Não Informado;1;R3;S1;816-455-8733;1;10021240
60e5de5750594bce1211cb83eb836793d0bf39fb9ccbd3baa45e4c09053e041a;10009623;Chas Market;G2;Não Informado;1;R3;S16;816-455-8733;2;10009623
877d8191179ae9c590eb59a2ddcdc93cef00cfd6e2137b9a89dacb438fb0c0ae;10021231;Packard Supermarket;G2;Não Informado;1;R2;S9;816-455-8733;2;10021231
dfae170b8fc7362eec9de35a3cac7c80455ed612c69c76d45e7e787f7617f1ad;10020388;Metro-Goldwyn-Mayer, Supermarket;G2;Não Informado;1;R3;S1;816-455-8733;2;10020388
2b07706268cf3ddf5c7a8ccd93f39302160c56ef12fceae215c0adb2df6612c5;10022730;RC Shop;G2;Não Informado;1;R2;S9;816-455-8733;2;10022730
53bb9a6ae1dc5e8e7558ab2c817cf49903345d7bc4e56785a9a1d265ce241209;10016807;Ibis Shop;G2;M1;1;R3;S16;816-455-8733;2;10016807
11bf013d292cb749be6f3ababce508dd443151d15fdf99fdd1c03949363ec148;10000601;Radio Market;G2;Não Informado;1;R2;S5;816-455-8733;2;10000601
28579e134d74127cdf0130103945f58fc2e67bfd6c8cb966791a75087aa5dc23;10024524;Southam Supermarket;G2;Não Informado;1;R2;S9;816-455-8733;2;10024524
8112b0d37e8138d5531ebb137a6d8f7238a45c7e93e7e63e9ce9a033d7d9c753;10007591;ComeStore;G1;M1;1;R3;S19;816-455-8733;1;10007591
7a064b59612077cf5f84dac2d1079424b9cffb12abdbfee714e363c9c4113ca3;10019812;Lewis Supermarket;G2;Não Informado;1;R2;S5;816-455-8733;1;10019812
27bae2358fb38f84abdb1c47a6703fa8fb09a8d485d3a6c8aa8afa2642890735;10005922;Big Supermarket;G2;Não Informado;1;R3;S1;816-455-8733;1;10005922
234d0708a4750203054e05df95360e58555ad83970b2679b7a6514a45e7055f6;10022444;R.J. Market;G2;Não Informado;1;O2;S12;816-455-8733;2;10022444
fecfce33df567e5ce3016cac5824b404e18ed695b091366b8b6f1e6c9e63c261;10006848;BizNet Supermarket;G2;Não Informado;1;R3;S1;816-455-8733;2;10006848
eeedee00ed3d32bab60896ee9ba588a025be0566583877352045c034affa16e5;10000457;A&G Shop;G1;Não Informado;1;O2;S1;816-455-8733;1;10000457
7d3249a2415864429ca7445ec476315a4a909a639686b67464eb982e272b3313;10013188;Gartner Supermarket;G2;Não Informado;1;R3;S16;816-455-8733;2;10013188
ca527ef68af33529d2015ef9b55a80dbb92ce8c0f9bd62129c42b0cc1c7f1489;10002220;ACRON Shop;G3;Não Informado;1;R3;S5;816-455-8733;1;10002220
0b76b6ab77f578ae194dca96358a719545def876298dabcd6f81175ab21f9f81;10017852;J.A. Supermarket;G1;M1;1;R3;S19;816-455-8733;1;10017852
e04d390459aa10f3df948550e29308cc9347fab16d8276cd4b7e49e9bb5f2299;10022166;QualityLogic Shop;G2;Não Informado;1;R3;S11;816-455-8733;1;10022166
c614bcb1e73b0109006fb087753340b0c09a863a85d6a8c83a2c0912fbd2c717;10007536;Calypso Maxi Store;G2;Não Informado;1;R2;S5;816-455-8733;1;10007536
972b07168dce55a7554eb0891f689ae5715986fc16c45cc3b234c82c9d5a439e;10013765;Gemini Supermarket;G2;Não Informado;1;R3;S16;816-455-8733;2;10013765
91f76e1a061f3116c839eb52770a0ee85e33565fef0a0930efb45f7efc3a403a;10011870;Fenwick Supermarket;G2;Não Informado;1;O2;S12;816-455-8733;1;10011870
597dcfb7d58cff8e126a9082b7559dc7a9712b05209a77065cb80b7aee28eaca;10021283;PageBoy Shop;G2;Não Informado;1;R3;S1;816-455-8733;1;10021283
45faf087ef8b1029c3a413492e3137b23f399c4c730a4da4337c2d5d4fbe92b2;10002501;Action Supermarket;G1;Não Informado;1;R3;S19;816-455-8733;1;10002501
b0f09e57358e96eabb3884a5bcde1f533c397530f006495fed56e1c58c31b7d1;10000456;A&B Shop;G3;Não Informado;1;R1;S2;816-455-8733;1;10000456
7371273646983441545ab87894467f8c85090c45177b5eab3c7ae79d7962623a;10019880;Litton Supermarket;G2;Não Informado;1;O2;S12;816-455-8733;2;10019880
41753d0359d917c28f1d010548778a1cd9af79b2b20c2d4ce6dfe810641e8764;10020672;Oki Shop;G1;M1;1;R3;S19;816-455-8733;1;10020672
95b47337c9eca7dbfdb87ffc0d9a85cb3043e4c80eb8daf538fdc7e3239bc230;10013538;GEAR Shop;G2;Não Informado;1;R3;S16;816-455-8733;1;10013538
731c76addf7d259b59499c83454d6065e58dc07499c2a172b44c145185841aa6;10015789;hesketh.com Shop;G1;M1;1;R3;S19;816-455-8733;1;10015789
dd2e6852d26129719ae823304680b76f3ceec7470b159b6ba5663db75f7c4869;10020931;OutPost Market;G2;Não Informado;1;R2;S5;816-455-8733;2;10020931
4362a89d4ebcda0935492678e4c63b600b00430f149986f65326a952dc3cc43c;10019066;KENROB Megaplace;G2;Não Informado;1;R3;S1;816-455-8733;1;10019066
129354f33f6b8b36a5bb6a0a258dbf9b59f0530894077c05a8d19a566a13e368;10015956;Hidden Market;G2;Não Informado;1;R3;S9;816-455-8733;1;10015956
c2638f2dc897aef5e7b70f4df2402c44822129cf00ea4bc83667f2dbd67af2f8;10007258;C3I Shop;G2;Não Informado;1;R3;S16;816-455-8733;1;10007258
0e61e792738dd9eb7069f26edafa16dd24477a93300046f2893781c3426e1517;10025250;TICOR Shop;G2;Não Informado;1;R2;S5;816-455-8733;2;10025250
f103fbf5108ffc0ff486e37596b8667ed97dc624c8b669ddf86fb57cdc9237c4;10018871;Karsings;G2;Não Informado;1;O2;S12;816-455-8733;2;10018871
cda69423b82812919753d25bdafd39d99fb28fb2bb24ca9bfa640fab765ed313;10024248;Sifton Supermarket;G2;M1;1;R3;S16;816-455-8733;2;10024248
60881da539bcb044f655964b82fdebbada5bf2018ee1c906fae59befa4d6035d;10014540;HarveyOpolis Shop;G1;M1;1;R3;S16;816-455-8733;1;10014540
d7c5391eee3ba4cad6f2e5cb1e73e43b33a52cbe880ce456dec008e7ed09ef7f;10012369;Finest Supermarket;G2;Não Informado;1;R3;S4;816-455-8733;1;10012369
438416539d1a96074cec5f3b83b7798c79621bae4ee33395413fa4c20754ca93;10006983;Brentano's Shop;G2;Não Informado;1;O1;S5;816-455-8733;1;10006983
3fa1ae500400c6960dcdb4583d6030c6024f750a2dd0be826fed5ad8027fa3a9;10025049;Tao Store;G2;Não Informado;1;R3;S16;816-455-8733;2;10025049
e4fe6de74b4dc5099670b87becc383267266652200fb2cb4e4bb3c064d6af0d7;10007123;C Supermarket;G2;Não Informado;1;R3;S16;816-455-8733;2;10007123
785fd66267d28cc092d5799dc1d3f1883af8fe5d922eabc9fafa8984fd4c7213;10025919;Vanstars;G2;M1;1;R3;S16;816-455-8733;2;10025919
8f75b65569ae27cde2306fc0a7e922d2c93c4490380a7acc970e14fe62b4363f;10013332;GateMaster Shop;G2;Não Informado;1;R3;S16;816-455-8733;1;10013332
91a06736f6d215d3cbd4f0b737af2c0d4605245243c91a1c13655f92fb841be0;10022183;Quantex Supermarket;G2;Não Informado;1;R3;S1;816-455-8733;2;10022183
6b31d70470683845e707e8cac03693bf99028ebd2ab411abc3d5f75b1eae438d;10010897;Edify Shop;G2;Não Informado;1;R2;S2;816-455-8733;2;10010897
864519ab17ec906a0dbce6a480e9c8904a6a72c6ab5311f7b9d8b85af08845bd;10009642;David Store;G2;Não Informado;1;R3;S16;816-455-8733;2;10009642
63dea0779d3f50462620c8887f420c76b7632408d88047eff53609b203d9f23a;10025287;TransCanada Store;G2;Não Informado;1;R2;S5;816-455-8733;2;10025287
4a724a0513cf18086004d4d314b2166cb84d01c1840beef1e3109db1bf230c49;10009356;Central Supermarket;G2;Não Informado;1;R1;S11;816-455-8733;2;10009356
66598fe15efe2463a1f0fc4346dee07262a17ea1a34b646768ee80a5ac2c5be9;10025571;Unitec Maxistore;G2;Não Informado;1;R3;S9;816-455-8733;2;10025571
0f875d2caecf56b0e38207402ad984362ab6447a2be8c35389be05fe81d19188;10013238;Gastown Store;G2;Não Informado;1;R1;S11;816-455-8733;2;10013238
e844a7725ce8b29ae0e4c01c08d740d5baf0dcff0942b78ea8712ae5ebcfb891;10010698;Earth Shop;G2;Não Informado;1;R3;S16;816-455-8733;2;10010698
2c2c0a1082a4b019773aafca531558fd454188e23744a8968b2e52f7e82234df;10025024;Talarians;G2;Não Informado;1;O2;S12;816-455-8733;1;10025024
67bcf98c8de8f6c1f2577c7e6e991e03b7d098fbf381594fe804061a207e2ed1;10006917;Borden Supermarket;G2;Não Informado;1;R3;S1;816-455-8733;1;10006917
a2651c93806d2a7e0137884f2d3c8c245e512c539c4514dcb5475cd05fb61202;10002765;Active Store;G2;Não Informado;1;R3;S16;816-455-8733;2;10002765
42228373f52b81c2f68081dd28e2f0bd55cd5802839f0d61034732b29792f623;10024743;Stone Supermarket;G2;Não Informado;1;R3;S1;816-455-8733;2;10024743
91a305c86b7ad5ad41f83a527b1095d016e84b97c1cced8717bb2095066b6b70;10025238;Team Supermarket;G2;Não Informado;1;R3;S4;816-455-8733;2;10025238
5dcf2238e27a4a5cbd8df86ff83948ee28af73885c7c441fb925a4a10dbfea78;10009606;Champs Gigaplace;G1;M1;1;R3;S19;816-455-8733;1;10009606
b093d89fa4a7b91d71439ad14e3bbedf40dd4a7062e74c565587a5de4f5ae004;10025418;Ultra-Image Shop;G2;Não Informado;1;R2;S3;816-455-8733;1;10025418
1510522dfd40f4f98b30c8226837b4fade9f1be87f5339a7b6b59ac0e33d571d;10018129;J.M. Market;G1;M1;1;R3;S19;816-455-8733;1;10018129
9ea3a34388cae1f71224d8218f4dbb369f0c55566e001e08269d8e2633820762;10020192;MATRIX Shop;G2;Não Informado;1;R3;S16;816-455-8733;2;10020192
75493ab5b099a9c295e4ded4e394d7decef9e947e328edb65451da176b4eb9be;10019512;Kim Market;G2;Não Informado;1;R3;S16;816-455-8733;1;10019512
ac18581cf7db573e9e181bd1442a0c18a6667cd566846b0b930a729a25cbe3c2;10004255;Bendix Store;G1;M1;1;R3;S19;816-455-8733;1;10004255
bcddc6d4a5fc9c859a0678dc6ae3ec7bbd80580ca8418920d270c0c52850d846;10019469;kGS Shop;G2;Não Informado;1;R3;S1;816-455-8733;1;10019469
40d580a7d5fda19748b261510123ce3568182b46eee762206400c91cc5062722;10023538;Salamander Supermarket;G2;Não Informado;1;R1;S11;816-455-8733;2;10023538
341991f56d7e6597252615352b0d1deb253b1651027d7e18f129c87a2c3e0fc4;10019942;LMAO superplace;G2;Não Informado;1;R3;S16;816-455-8733;2;10019942
819562dc58a799329a0375283b33c87df5f61f5ec632a76f8e10ee61591bfd08;10007120;Brinco Store;G2;Não Informado;1;R3;S16;816-455-8733;2;10007120
9061556dd7e19be8786b13c19e9911f106ffbef8950f452558a549ff572e55d2;10025242;Teamsolve Shop;G1;Não Informado;1;O2;S1;816-455-8733;1;10025242
7568261e5c37df7b1e36d49b0baffe2dc8e974feac1db91da86e9d4502fe0246;10002412;Acsior Shop;G1;M1;1;R3;S19;816-455-8733;1;10002412
d19c38ef01a98a4a7ac08182e6c750a4691d3812ed59d1858d1fc808dfeffb3a;10012600;FireTrans Shop;G2;Não Informado;1;R3;S4;816-455-8733;1;10012600
c57b8c27e5f06b8037422dc7f9fe0da31c60c09306e208201b2c1e1e0d723c73;10020281;Mb Market;G1;M1;1;R3;S16;816-455-8733;1;10020281
1eedaa7773872a046f248584f655e7ee13df6747a15983c719259d7dd85b928c;10025560;Unisys Supermarket;G2;M1;1;R3;S16;816-455-8733;2;10025560
c19dfca4845a1ce487a4d7e893f47afb3db0e2cb4ad5a755f2c43f5b22e04fd9;10002159;ACI Shop;G1;M1;1;R3;S19;816-455-8733;1;10002159
236dd807431d9e5f5afa189c03dd5e969219c52c53ae39cc6aeac1df417dd784;10023022;Renaissance Supermarket;G3;Não Informado;1;R2;S8;816-455-8733;1;10023022
5586dd41435474c776ee2edcbf43bd99c5ffeed18d6bd599d889b4a503084326;10012305;FIND/SVP Shop;G2;Não Informado;1;R3;S9;816-455-8733;1;10012305
08b0dc5faf537e49c7717b5a5edf87ebaf8c60053cc2d3184857f537ef0c4410;10000488;ABI Supermarket;G1;M1;1;R3;S19;816-455-8733;1;10000488
3da4621971a96d7c5aaa2e822ac63fe3a867e23643d9dea7aac71863afd0e932;10010914;Editor Shop;G2;M1;1;R3;S16;816-455-8733;2;10010914
aa0fd267947d2ccd9f62834dc203bf3c129096398b7a846b0b6406ebfd4191a9;10023447;RKS Shop;G2;M1;1;R3;S16;816-455-8733;2;10023447
f217fc4f64674be09d3ac491c1c8c113cbdda5b9b4b6d44ff16fd500de8bb33b;10024003;Scientific Supermarket;G2;Não Informado;1;R2;S3;816-455-8733;2;10024003
541aabc72e77a4547c9f6bb491d73df107ee28b17fa2aca10037dd14c30dc6dc;10023023;Crew Superstore;G2;Não Informado;1;R1;S20;816-455-8733;2;10023023
4d16eac153f1416b5bcef2afa05d613956ddc0e4bc04ba2669fa70c1f9bb17f8;10003720;Age Shop;G2;Não Informado;1;R2;S5;816-455-8733;2;10003720
0c51ca0baefe56514b747a713bd3581e79b90b823af7186d4c493e4a9e6b8e36;10000474;A-ARVIN Store;G2;Não Informado;1;R2;S9;816-455-8733;2;10000474
a092370cd278a469a1e90e5386fd08ac508e8db03924b78e1d89901c90db64e0;10012235;Fimetrics Supermarket;G3;Não Informado;1;R3;S5;816-455-8733;1;10012235
1e39a5ad6d9e605a11121783f9fe0e32a7ab61be5d086edb0979c250d1b1d577;10004602;Best Supermarket;G2;Não Informado;1;R3;S16;816-455-8733;1;10004602
b0b20833d25ae09b1bfce98d36035d105f1c315d1534810e44e0b6207b271327;10025248;Telus Store;G2;Não Informado;1;R3;S16;816-455-8733;2;10025248
52964b046b52595e5527f7d25328bfb92fdd124db902f4315fc70720c3cb8a97;10027583;zNET Shop;G2;Não Informado;1;R2;S5;816-455-8733;2;10027583
1a2a52479eab3a057b090bb73ced9a5a6603d905aba4d137d3fe436128b72452;10007457;CalComp Shop;G3;Não Informado;1;O2;S1;816-455-8733;1;10007457
91e4bbdea9260257c596b14ff0f07d8b278c4397e854128005fdb730c7078119;10025575;United Market;G3;Não Informado;1;R3;S5;816-455-8733;1;10025575
235d9530fd094ea65b9306980c6b12c1a7fff65c7d3551051f22b50cd4194a9c;10019665;Labatt Supermarket;G2;M1;1;R3;S16;816-455-8733;2;10019665
7fbddb10030def2aca89c297fa7624de7baf8f4bdcdb5552befebcbfa80bed10;10023964;Science Store;G3;Não Informado;1;R3;S5;816-455-8733;1;10023964
bf3854638d2d5e155ba854b96682a13bd5e8eaffe3c2b1897232317d6e579aa5;10012422;Finishing Shop;G2;Não Informado;1;R3;S16;816-455-8733;2;10012422
fc5aceef73be2b9f6037f3c9f9b807d5fa9f3e2eff4b13c30f1f8b41dd56a080;10019897;Livermore Store;G2;Não Informado;1;R3;S16;816-455-8733;2;10019897
1fed582eed04ad2237eed5f955f05ffdc7dca7b99404c48efc1cd3aa54a89a31;10002709;Active Store;G2;Não Informado;1;R3;S1;816-455-8733;2;10002709
949c72244edb773357eb56a730cacec0664b3e7fece8a7a620a2d3170c799d0a;10006093;BigJobs Shop;G2;Não Informado;1;R3;S9;816-455-8733;2;10006093
9a6ff44d7d8963f243162eb25811fcd397367bf0be53f90680250581bbc5466e;10022687;Ravenwerks Shop;G3;Não Informado;1;R3;S5;816-455-8733;1;10022687
ac968e5d782638a7e2305b5cdfffbaa3fa517c52f599fd028d47e6bcd726a781;10014739;Haz-Mat Store;G2;Não Informado;1;R2;S5;816-455-8733;2;10014739
7fd9c1fc6d5c3181b21246e6af4852f8f4ba14bf87b82fd5f70b03a97a91ddc9;10007866;Camros Shop;G1;M1;1;R3;S16;816-455-8733;1;10007866
d4f46a6e90fa0fb9efa3f5529ec4d8e50438a93f58bfb7f98d604760a2e53d9c;10026365;Whites;G2;Não Informado;1;R3;S16;816-455-8733;1;10026365
2c5e11061f73dd3f82539fa18d47dde5c28bb6661af53f9499fa499666ef701a;10022450;R2J2 Shop;G2;M1;1;R3;S16;816-455-8733;2;10022450
18d4fbfd43c2770de4b6031d496ecc2a1609823208063ddf5f75536b8c7be9b2;10008381;CAPCON Shop;G2;Não Informado;1;R3;S1;816-455-8733;2;10008381
bc516fa673ce0d44915a3e5f7f63007d2e56a958b1356ae93adbc565fb50092b;10020413;Molson Store;G2;Não Informado;1;R3;S1;816-455-8733;2;10020413
7bbd2e550344d89e46d071826ef1779ecec33b586b0e2659f0d4f2815e478c0b;10000499;ABSolute Shop;G2;Não Informado;1;R3;S16;816-455-8733;1;10000499
96a694861d45f0344bc7ec3d904d4c23a53fdb16041c9db51056c9e4ef8fdaad;10020449;Nancy Supermarket;G1;M1;1;R3;S16;816-455-8733;1;10020449
986e587a8e496c6435ef33464bc67849043fbaa1ae0d911babd346b869e59697;10020393;Minneapolis Supermarket;G2;Não Informado;1;R3;S1;816-455-8733;2;10020393
c7e5a2bd0c123435c861cf8d3c66fd2b78325aa4781360714c135f3aa780699a;10027560;Zilog Shop;G2;Não Informado;1;R2;S1;816-455-8733;2;10027560
dcdc3126b09217744ad5c4c3b66d0d550e02e06a4666509f550b273071abd22e;10019420;Keystroke Market;G1;M1;1;R3;S19;816-455-8733;1;10019420
486bd0e218c09680964fef58560f8622b11cfcda2ec8a1fc895377a6c48262b3;10012158;Filene? Shop;G2;Não Informado;1;R3;S1;816-455-8733;1;10012158
d8a8497047bca88640d3700e96a1326efa6b0f638f1a0be083429c8218535ea8;10000461;A1 Store;G3;Não Informado;1;R1;S2;816-455-8733;1;10000461
8c679443f3e5f4f6d11dc03ada8914d8470ca49b2ac773cb31397f150b10b81e;10021239;PADL Shop;G2;Não Informado;1;R3;S1;816-455-8733;1;10021239
09f5c7602b946034b2542e15638c1462c68798c82bbf916edd5524c289d51e5d;10002520;ActivCard Shop;G1;M1;1;R3;S19;816-455-8733;1;10002520
ef458b913ac56fdf9d2f9fc9e9a32dc360dc120cbef3adaa284f6dc4e128a6e3;10010882;EDA Supermarket;G2;Não Informado;1;R3;S16;816-455-8733;1;10010882
0054db3a98bc6997e0bbb6d87820f15da049d38bd579212f373f7eaefe56ad1f;10022978;Relcom Shop;G2;Não Informado;1;R3;S16;816-455-8733;1;10022978
aeab136ab79551de524ee8b92a5cf5bddfcc5f5b03dc4050a79f96f0836a519c;10019410;Keystone Store;G3;Não Informado;1;R1;S2;816-455-8733;1;10019410
843be5a5cc030233a744464dffdbb31972b65fbd6c753d212e2a5e7894582ce4;10007117;Bre-X Shop;G1;M1;1;R3;S19;816-455-8733;1;10007117
5398af0d6d9c74bd53511ad1d40187157c85e9b805be8c8e3ef7ccfdb8f1ddc8;10002489;ACT Supermarket;G2;Não Informado;1;R3;S16;816-455-8733;2;10002489
faeb7691f1d0458c8560f5ffd73d79eb07b19c536b210af5c6a43b29a38c8e30;10002506;ActionWorld Shop;G2;Não Informado;1;R3;S16;816-455-8733;2;10002506
d7385d9861de9b1cc366674216a7f33546533495f1fc0711ff12c805660f127c;10009662;De Store;G2;Não Informado;1;R3;S1;816-455-8733;2;10009662
54f2003f13bad958297ea94dbef24d6f7ad04d133141fd960f5614194102f8d7;10020332;Medics Shop;G2;Não Informado;1;R3;S16;816-455-8733;1;10020332
4bb49de5b555d3809544b08574a66e618eccfdd026467bc8ed6e2e6917451dae;10011623;Federal Supermarket;G2;Não Informado;1;R2;S3;816-455-8733;1;10011623
7e404ea9a5a8aca862be5ceae760c97b6ee2f1ab6efc151240584578427e6435;10020247;MAXSTRAT Shop;G2;Não Informado;1;R2;S5;816-455-8733;1;10020247
6ab9cffc77c6afecebf0668d8ebf5f874c745f24575cbd94211ddac5650cfb71;10011979;FiberPlex Shop;G1;M1;1;R3;S19;816-455-8733;1;10011979
da68110bfb602c57954f0a2faf5817baea58b5ed9c7c9306ffc1ba5ffe4f9ffc;10013252;Gate Shop;G2;Não Informado;1;O2;S12;816-455-8733;2;10013252
55a3c672f2d02d553a1a03b1ae618dc5622494a7dc6d5846ef8afcae56cfcd0b;10019194;Kerite Company;G2;Não Informado;1;R3;S14;816-455-8733;1;10019194
31cd9954cbf05de959d75da9686e8e8d99834295ba45aa873a03dfb1fccbb3a8;10018352;Johnson Store;G3;Não Informado;1;R3;S5;816-455-8733;1;10018352
c6d43ee8c6050cb404e472cd2938f5008fade4cb4ff811101389f75f201f281a;10021286;PagePoint Shop;G2;Não Informado;1;R3;S1;816-455-8733;1;10021286
76f2ee01be417f7413c2b3edc6547beccca3ea8ff3b904894e03f3936a075eb7;10000486;Aberdeen Shop;G2;Não Informado;1;R3;S14;816-455-8733;1;10000486
83f331e61080c21d492ad92e86f690e4fc534e001658916550cac098d8ed741f;10004207;Bell Store;G1;M1;1;R3;S19;816-455-8733;1;10004207
2e4b03ecaec6a30bd261d7731c3642c3286f76a0f414526537a759a1d6d6eb37;10020907;Onebox Shop;G1;Não Informado;1;R3;S16;816-455-8733;1;10020907
4f935ba6060a33a236c7c90a391dad008c7b347fdca199771263ebbcfc350289;10021175;Pacific Supermarket;G2;Não Informado;1;R3;S16;816-455-8733;2;10021175
90ec91e42c7324af596e3669ec1ab4e7a94d98f01ba00fdc5843aba2aef6c2cf;10015030;Hegemony Shop;G2;Não Informado;1;R2;S5;816-455-8733;2;10015030
e690a8510809da29a9d7e7f3d7d530c411222a2d5320715a72e1a884cfc6e60c;10024010;Screaming Market;G2;Não Informado;1;R2;S3;816-455-8733;2;10024010
e6a1e3bebfb17823e25a942945e2d4dead07f1df47a6fc7e1e892f7951c53f17;10008593;Capitola Market;G2;Não Informado;1;R2;S5;816-455-8733;2;10008593
42994688f9f2447cd7a9eee2125610f6ce812a2390610796eea146d4c8a4ad7e;10015011;Hederman Supermarket;G1;M1;1;R3;S19;816-455-8733;1;10015011
30067a8cd8c8d67b57a8edce4e13aa06d5c8a48770c74f6787f70d06260c3379;10025023;TAL Store;G3;Não Informado;1;R3;S5;816-455-8733;1;10025023
5574858a439ab3e26c26382f99ab7bcd545e30cea1318bf4b11072c1834e3397;10006836;Biz-comm Shop;G1;M1;1;R3;S16;816-455-8733;1;10006836
52f0af1fc1c2acc50f28d8488cde7179db9a2d1d0c000b39ab10694e01ab7042;10025246;TECC Shop;G3;Não Informado;1;R3;S5;816-455-8733;1;10025246
36c2c9345c3268c72b4684189b814fde38da7d330be3fe2315a469ce83494a69;10023244;Revolutionary Supermarket;G2;Não Informado;1;R2;S5;816-455-8733;2;10023244
6b62e50e7a39b7de47cb1c0521d36f1c85dc985725431f12c32347d81d63b071;10023235;ReviewBooth Shop;G2;Não Informado;1;R2;S3;816-455-8733;2;10023235
a29b8197ee7947290cbb3919117826ce83dfdc5eea3e736fdb36d8715f721fd4;10025515;UniPress Shop;G2;Não Informado;1;R1;S20;816-455-8733;2;10025515
6b4b3acbc281dc94429b7eeb234de6712558132df80034d2846fef49988a291c;10026081;Ventana Maxistore;G1;Não Informado;1;O2;S1;816-455-8733;1;10026081
9756d0d385a68c82f0bbcefd522c019734013e506e861100f99882562ffefcb3;10025086;Tartanchase Shop;G1;Não Informado;1;O2;S1;816-455-8733;1;10025086
8d928064b9b964354a51c129ac8d67aa675567611000bc2bb79359b445dfbacb;10015253;Hekimian Store;G3;Não Informado;1;R3;S8;816-455-8733;1;10015253
09adbc1a361ca72d9e5fc9566c944dbef7228822fd74085f34cb0fa2d8564dc1;10009885;Degolyer Supermarket;G3;Não Informado;1;R3;S5;816-455-8733;1;10009885
649f0fe253ace35b722790edf36f2610deae980ababaafcdaf9110aec219e2de;10003857;Beckman Market;G2;Não Informado;1;R3;S1;816-455-8733;1;10003857
188a96bf216b45ef6d91faabd25708cc3a95f1146504a40fbab4f764ee166b70;10021242;Page Store;G3;Não Informado;1;R3;S17;816-455-8733;1;10021242
cc7fd448ca137e3191f73951b47d7f3ad1080c9759731eaddb8dcab0f8b93e2e;10017072;Iconation Shop;G2;Não Informado;1;R3;S9;816-455-8733;2;10017072
757279e6d8e65a19cd5c7923de3a3c3ea78a8f13116eff701050892e54a94828;10018644;Kabbalah Shop;G2;M1;1;R3;S16;816-455-8733;2;10018644
ecff6664882473ed45bc873c3de7eb227d6f1d7756930cf5a817744ecdb1365e;10025033;Tally Store;G2;Não Informado;1;R3;S16;816-455-8733;2;10025033
b06619b2109f7de023977adfee6065108a23cf96cd918f562f7e207e43e1302a;10025243;Teca-Print Shop;G2;Não Informado;1;R3;S16;816-455-8733;2;10025243
03e446a317787d5f0eb995efcd62d65af7c672d89b50c6807ba57505c0146073;10025040;Tangent Shop;G2;Não Informado;1;R3;S1;816-455-8733;2;10025040
0b5dda3e45dd2cfe077ba69f953e99da961a2045a7a7201637298c72132bcd7a;10025063;Taroch Mexistore;G1;M1;1;R3;S19;816-455-8733;1;10025063
77376bd4bd891ac90c4dd7a909881e81112fa8c6494a749bb50a0bffb8aa6dcf;10009653;DCP Supermarket;G3;Não Informado;1;R2;S8;816-455-8733;1;10009653
31deef0cae47a9bf345100bd33d80f2b27a779646acfeb6b43d50f7c035af90e;10024880;Sun Supermarket;G3;Não Informado;1;R3;S8;816-455-8733;1;10024880
8f2d0b3cad5116190a3f6c1af91a75ef8307526d5e6d4560e7ab5394bf935481;10006919;Hoovey SuperStore;G1;M1;1;R3;S19;816-455-8733;1;10006919
2f17cfddd80d2d32e197df28ce0dfc6d804ae613c9ad3cf73cad9eaaaf0104e6;10016549;Home Store;G2;Não Informado;1;R3;S16;816-455-8733;2;10016549
2c0479b2e2cb776c6b8045eaab63acdc04d213561fa916c899c0723da6e0c8aa;10014264;Harbour Store;G2;Não Informado;1;R3;S1;816-455-8733;2;10014264
d136aa9138ccfd330e3d6c788a222e9d9d7b6dcf22692ae31b7260e1140fbdb6;10009633;Dan Store;G2;Não Informado;1;R3;S16;816-455-8733;1;10009633
c52903ec35f81060dab7cb7169d929a4ab235535699a7a95d6c540c0d0a27fc5;10002144;ACCUCOMP Shop;G3;Não Informado;1;R2;S8;816-455-8733;1;10002144
cb806389a75332cf01f7eecbdb64bcb692e3bf24f6b68799f45e044f846faaf3;10013061;Gammel Group;G3;Não Informado;1;R3;S5;816-455-8733;1;10013061
7b0ae3eb04ff9bf3682322dc981e5947c4ba9017589a171e550e53eb48a39e6b;10000480;Abbotsbury Shop;G2;Não Informado;1;R2;S5;816-455-8733;2;10000480
35451af806f560726d0e45efead09f2f7e47ebfe0d48a47f62e010290c8f71ba;10006805;Bitstream Shop;G1;Não Informado;1;R3;S16;816-455-8733;2;10006805
2a7581bb28a2700b08688d1367985902523646e66f179a02097eb166a427679c;10021736;Patton Store;G1;M1;1;R3;S19;816-455-8733;1;10021736
0d82d91fd4494695cba8c80023fc2b12babcebdcd6100ab5f6788c466c77c336;10020492;NBTel Shop;G2;Não Informado;1;R3;S16;816-455-8733;1;10020492
77983e7d108c5605b63a359e4dc76a933e787aee8daee9fc69a0d75b0653ca15;10010717;East Shop;G2;Não Informado;1;R2;S5;816-455-8733;2;10010717
e442e890c7f955273d91a3857f834add44155f5177f81401fbc8640b465fb962;10022240;Quantum Supermarket;G3;Não Informado;1;R3;S5;816-455-8733;1;10022240
239307a77260b6399de4dcf7ffe784259dfc94471e3dd2e429b60845e9d8cb8e;10019913;Livezone Supermarket;G3;Não Informado;1;R3;S17;816-455-8733;1;10019913
56b3438e94d25d24dbbf4a1ca8bf879b5f00476333b8ad08bb931f7d06daa733;10019952;Lobster Market;G2;Não Informado;1;O2;S12;816-455-8733;1;10019952
57bfa2b29766aaedc3d8630381dc0e2b93930664a5650cd335563bf5e90b1221;10018885;Kawneer Market;G2;Não Informado;1;R3;S1;816-455-8733;2;10018885
bfe34cd71ee0f62ae3d509f8460f8a4d46e9499e76a8534c376bd38f7246b838;10026606;Xilinix Midstore;G2;Não Informado;1;O2;S12;816-455-8733;2;10026606
0da0905b5006e1267d58de15b6684f69d930548859d3f309e12786f1f5541c21;10021936;Pink Supermarket;G2;Não Informado;1;R3;S16;816-455-8733;2;10021936
f43c25ef8799096cf9dce9123f99760427b42541521bb82e6a905e8dc2c4d8c8;10016047;High Store;G2;Não Informado;1;R3;S16;816-455-8733;2;10016047
7375af08fa368c8704202b3a4d17c999cecbfcc4d66d59707230906f6b826562;10027572;ZipLip.Com Shop;G2;Não Informado;1;R3;S1;816-455-8733;2;10027572
145b6ba73b3c5698f521ff613b9354da591830137e962c910fb18c4877e0edd5;10019678;Laker Market;G2;Não Informado;1;R3;S16;816-455-8733;2;10019678
9e02d0de40b3a7310b9466ec164ab6c9fd7177ffef06ad3c746ef9a0032728f8;10025239;Teamaker Shop;G2;Não Informado;1;R3;S16;816-455-8733;1;10025239
25b848923172615c702dd73019440fbade4e1597f38e0ba72b88733b92042e5c;10002136;AccessWare Shop;G1;M1;1;R3;S20;816-455-8733;1;10002136
7c19fd8988e07662eeb6eb677d411737bff802a7a2a2bbcf1bd3bc8e956f5a7b;10010935;Edna Megaplace;G2;Não Informado;1;R2;S5;816-455-8733;2;10010935
09d87c2b65570f244af28c810aff66d33c20eb0e38f9ad3c9c7c8572e3310803;10013080;Ganymede Shop;G2;Não Informado;1;R3;S16;816-455-8733;1;10013080
cf1455270a672fba4277a6b54eabef34d2574433ce20db15e5ee983eead949a9;10022167;Quallaby Megaplace;G1;M1;1;R3;S16;816-455-8733;1;10022167
bfcd3c2862e6402796a8fb2750a4fe0658071aaaaefe49418df4c056c011b62d;10012927;Galaxy Supermarket;G2;Não Informado;1;R3;S1;816-455-8733;1;10012927
54a529ecaab000619f52d7f5ae77b6508176cacbef1721fa7ea8749ed5e14eef;10013871;Grove Supermarket;G2;Não Informado;1;R2;S5;816-455-8733;1;10013871
b8f2a9de9bacdf745ee9965236bcc18540ea731d8c3c7dd45190ac7e1b1cf504;10021911;Ping Shop;G2;M1;1;R3;S16;816-455-8733;2;10021911
e78afb996c9d2bbc5196f03e83b19d88a338f882936e0a159a6b30b32097d81e;10027381;Zero-Knowledge Supermarket;G2;Não Informado;1;R3;S16;816-455-8733;2;10027381
6d8d9ecc29fd267e72821d1a71f442ee423ed29bbfa6e752634e697b2e3cb37c;10025237;Team Supermarket;G3;Não Informado;1;O2;S1;816-455-8733;1;10025237
6cece071f5049288320e6402225b5b6f47e058f4feb0639a34847cbacfaf906f;10021380;Pangaea Store;G2;Não Informado;1;R3;S9;816-455-8733;1;10021380
48a8c41ebc59815b965b60c39b526c9be56032ef8a692656bfc846ec3c9026d0;10017585;Ilog Shop;G2;Não Informado;1;R3;S16;816-455-8733;2;10017585
6152c7211c42f15f8cd2a11739a657902897479bbf5f494060426dbf466c0974;10018623;K&M Supermarket;G2;Não Informado;1;R1;S5;816-455-8733;2;10018623
6c72c3fd1bef22c06150b7742871e1224299d72ff7e595230bd6edff989c999d;10009156;Carden Supermarket;G2;Não Informado;1;R3;S1;816-455-8733;2;10009156
92878abbaa647fcd6724b2c5641c464421b9ea44448c0816c1dce6cac5626021;10018868;Karickal Store;G1;M1;1;R3;S19;816-455-8733;1;10018868
4f08f23845424f068a292d9af1c3d622c26160ecbbb85047bdbfde62f51b756c;10012328;Finder Shop;G2;Não Informado;1;R1;S5;816-455-8733;1;10012328
47774f967bb6660550e03f60786a39a9eff0af2da49396a5c626bf05d1308584;10026336;WBM Store;G2;Não Informado;1;R3;S16;816-455-8733;2;10026336
0bfb7b9dbc9f530693fae45011cb9316c94c757693cbf34358f8c43ff59c2890;10010855;ECI Supermarket;G2;Não Informado;1;R3;S16;816-455-8733;1;10010855
0214885f4edea3baf456ea669c10e7236a2117dfac920a19269f109da8b1208d;10002150;Accumedic Store;G2;Não Informado;1;R3;S16;816-455-8733;1;10002150
62db8182014a753d01f02e8dc92c5870fece15a3aede45ce5786bfab0830f2bb;10011521;Farr Market;G2;Não Informado;1;R2;S5;816-455-8733;2;10011521
1368c11f76285d41f5483e9fe7979e7c2e84b40ae0496984d00bc4ad3952f693;10015783;Hershey Supermarket;G2;Não Informado;1;R3;S1;816-455-8733;2;10015783
b66c3010ce8eb5c52220a10397ed66de21baf128206f7ed97a9a970c5c8280e7;10004516;Besicorp Shop;G1;M1;1;R3;S19;816-455-8733;1;10004516
821c4ed24c97974f41b2c717054adb6196fcd916f7c89d093e52a715124528c4;10023495;Safe Shop;G1;M1;1;R3;S19;816-455-8733;1;10023495
09b97107970862dc8cabe3052710335392a65a74564c858331d2de2b020f3516;10009639;Data Supermarket;G1;M1;1;R3;S19;816-455-8733;1;10009639
590d0b9f29ddb15eaf6b872ee55336a76990adb179045e50083b00df0cecdf18;10026560;Xentec Shop;G2;Não Informado;1;O2;S12;816-455-8733;2;10026560
cf3d3ad515557e651b2383867f4da428c16c663ea017b015768b8918d75d570b;10023509;Safetynet Shop;G2;Não Informado;1;R3;S1;816-455-8733;2;10023509
aa2121eba53faf026492fc3c87b316f01e2b35f7e1af685bc52c5ff463ef20b0;10007448;Cajun Shop;G2;Não Informado;1;R3;S16;816-455-8733;1;10007448
eb2f9253075f8356246b075864ec4e31aaae6cb2ef1e2d1963cf876047ed8078;10021270;Page Market;G2;Não Informado;1;R3;S16;816-455-8733;1;10021270
fd80d29f027a0a1a242cbb12db5fa85cf87f1ff5e658bf7f59018cfa7c20916c;10000475;AA-Wizard Shop;G2;Não Informado;1;R3;S16;816-455-8733;2;10000475
1e985e8605746ac9fcbfe76c440179b20602b6e75f56293e24f21580776be348;10014043;Guarantee Supermarket;G1;M1;1;R3;S18;816-455-8733;1;10014043
441af8a32afdb2f771f8903c07499a0886cf0771747a759766fcf949ced79882;10000501;Absolute Supermarket;G3;Não Informado;1;R3;S5;816-455-8733;1;10000501
2a2a24a62c37f2cde48b4501efd5c31a21dbf70adf69a8dfd20139f3fd21a8b0;10021222;Pacifico's;G2;Não Informado;1;R3;S16;816-455-8733;2;10021222
bb9b0c09a08eb134ea98161417cda6d29afc90d8d15c31aa92684f2e3834df59;10025061;Target Store;G2;Não Informado;1;R3;S9;816-455-8733;2;10025061
2907747f7068a76d8a45f0cbc64dfd0d2b9df7a9ad8c7163494826a1dfc29089;10009669;De Store;G2;Não Informado;1;R3;S14;816-455-8733;1;10009669
47684a751d22dab45964985971edf1827b327faf61a37553ebb575e2bf635d85;10025158;Taskers Supermarket;G1;M1;1;R3;S19;816-455-8733;1;10025158
26921e780a179b16b8415e6038751cbd3405200d003c3d9cbb3590ff4617f52f;10020684;Oklahoma Supermarket;G2;Não Informado;1;R3;S1;816-455-8733;2;10020684
ba23e855bcbaae9ffa0045068245dba0783fa06aa7da782086a6f7c299c59414;10023212;Reuters Supermarket;G2;Não Informado;1;R3;S1;816-455-8733;2;10023212
1958dfaacd1aee42d70ef12109f564f1fb67c4363bb975b05b6bbf7b351787a2;10001818;Acc Supermarket;G2;Não Informado;1;R3;S16;816-455-8733;1;10001818
61bfe6307406a37f23e428d22150e7de0a81dbbca836f75f15ed77c657da4200;10002142;AccuCom Shop;G2;Não Informado;1;R2;S5;816-455-8733;1;10002142
2f9c7e507f179705a924177d29fe72c5d075a3ac86b3d083347b4aa958881bf6;10006846;Bizmarts Shop;G2;Não Informado;1;R3;S1;816-455-8733;2;10006846
d77cb2b8f75e5debcf03fc02c39fe52a9479cb0f9f4555899a102d455da9c252;10002244;ACS Market;G2;Não Informado;1;O2;S12;816-455-8733;2;10002244
b100b012a5cea51c3c203f949dd914965e79eb6c33cb5f0b2a3b4375319de382;10019150;Kentucky Supermarket;G2;Não Informado;1;O2;S12;816-455-8733;2;10019150
7c5a28918163add7848c3bd433f5319bc8fb7072032af47d29eef9f1562c2bcc;10010974;EDS Shop;G2;Não Informado;1;R2;S9;816-455-8733;2;10010974
dd4de51c0020fc47768fb4db8dd18120bd004019d9e8db39d8ddde6392eb3c6d;10023703;Sarcom Shop;G1;M1;1;R3;S19;816-455-8733;1;10023703
52e1e179e3dddab58b90bbce036c90687b7217f26601b5ea1fdc646df6ffa1bd;10016609;Homestead Market;G3;Não Informado;1;R1;S21;816-455-8733;1;10016609
f569103cbcfc7f0f660ab4ba509656d4a87c8b5f81f69255a384fff09eff74fe;10024704;Sterling Store;G2;Não Informado;1;R3;S1;816-455-8733;1;10024704
c104e9e5da1290357137c0d14ffbff0e99bdd2affc166dc61e321a6c2c63fff7;10018628;K.C. Supermarket;G2;Não Informado;1;R2;S5;816-455-8733;2;10018628
4cd81245a41b0378f8041d3779df07f16228252161c0f59608905af16ddc558e;10019109;KentISP Shop;G2;Não Informado;1;O2;S12;816-455-8733;2;10019109
3c150dff7f6c95296b30351640da7f4dbf9bc25b524c73ab0d0b07ee76b72541;10000462;a2i Shop;G2;Não Informado;1;R3;S1;816-455-8733;2;10000462
807c8065cda5538f315bc30185f114a0c98ada6d7835aa506172c67c6942aea2;10023489;Robust Store;G2;Não Informado;1;R3;S16;816-455-8733;2;10023489
a54096a933ebfd27a5924e09ed463387c9f9da12920a5a3633feff0b57f654d9;10016542;Holy Supermarket;G2;Não Informado;1;O2;S12;816-455-8733;2;10016542
5f4819de137f9d87259989cb93ef390bb56d5aac83bd1244acc03763f24d1203;10005099;BF Supermarket;G2;Não Informado;1;R3;S16;816-455-8733;1;10005099
553a3a32dee7701c939212c0ac3990e4605a3b45a4ecb150b9d97442fcf227c7;10023524;Salias Gigaplace;G2;Não Informado;1;R3;S16;816-455-8733;2;10023524
7e06c8263ff64ee7a5043cb2bfeeb82e26ffb13b7913786b9b52cf02048c32ef;10021300;PageWave Megastore;G2;Não Informado;1;R2;S9;816-455-8733;1;10021300
486bb22436223cf0a2095f14ef31eee91baf8934b491536f2f3888165179595b;10027370;Zeroo Gigastore;G1;M1;1;R3;S19;816-455-8733;1;10027370
8072bd3501c8fcd12eb3a4b54152f2c2f7ecc5f388be0e3a32e4c3c9eb18033b;10025467;Underwriters Supermarket;G2;Não Informado;1;R3;S1;816-455-8733;1;10025467
f480cb601c938871d461468a991bb3b3dc61934838e7c9f65230fa5e0e110042;10021305;Pallister Supermarket;G2;Não Informado;1;R3;S1;816-455-8733;1;10021305
cd5b7a3f4f751f1e186ccee73ccab717d548f4fe1a6c63cade6d0156a17a11ea;10016548;Home Superstore;G2;Não Informado;1;R3;S16;816-455-8733;2;10016548
243dc74cc6f57cbc55cdf771874a9aa9ebbe0208b9c513b604a74ea551f0da64;10026861;Xyplex Shop;G2;Não Informado;1;R3;S16;816-455-8733;2;10026861
c85576d7e41b6cebdad291bad0c02d1cd2af878cafdbb8b9141718f37f47a7bf;10011981;FIBERWORKS Shop;G2;Não Informado;1;R3;S16;816-455-8733;2;10011981
dae92e917a83e4df339f9b072198c1cfde1fd6541e104724c6e7abe55fa90be6;10025300;U.S. Market;G2;Não Informado;1;R3;S1;816-455-8733;2;10025300
e426e39e16de9399d0888ca063b0909a4370b97e94077b4c7708fcc20fc23dba;10011089;Embedded Supermarket;G3;Não Informado;1;R2;S8;816-455-8733;1;10011089
8452b5bc91d74b41a7e5e0ea4a4601b119b0b0eea342aa8a5f246f2dfd89eb44;10005688;Bien Supermarket;G2;Não Informado;1;R3;S9;816-455-8733;1;10005688
6d83f8a15f06c76e370fd7a44fc8a6f659caf626dc400ecc75e6ed0dc090f418;10013232;Garza Supermarket;G2;Não Informado;1;R3;S9;816-455-8733;2;10013232
17f3cb6de24640308e69e04cdc0791080aa8aa1b59fd65659bfdbdad5f147cbd;10012234;Filmotype Shop;G2;Não Informado;1;R3;S16;816-455-8733;2;10012234
471a7ebcaee99124e861fa546ccc0a9741dacf0cb67da0c1bae2df9815ea0663;10020266;Maxwell Supermarket;G2;Não Informado;1;O2;S12;816-455-8733;1;10020266
9aaaa4f2d636d2dc93fd828f05595552630fb850368bba9828b5c3d54da21eea;10022201;Quantum Shop;G1;M1;1;R3;S16;816-455-8733;1;10022201
12f9f29019182964a7330b0f48b567f0d80558183d2a6f388a5bb41920412679;10026839;Xtreme Shop;G2;M1;1;R3;S16;816-455-8733;2;10026839
1c62610c859fd27935dbf6f694cd07d92957f44b10a8e59928ba2991fedfe10a;10014047;Gulf Market;G2;Não Informado;1;R2;S4;816-455-8733;2;10014047
07f228173b7710459ae7c5020b5fd83452266201cce3fa807e0a623688687deb;10015793;Hetrick Supermarket;G2;Não Informado;1;R3;S16;816-455-8733;2;10015793
1fa4e15f0da469e8ef51c20a3b2f45f237473192ee237b34eaf8dbff15cf4d55;10008596;Capitolnet Supermarket;G2;Não Informado;1;R4;S18;816-455-8733;2;10008596
d43e0d3a01de104eb0c16b38dae415f218191613c2923f3a157531284c3eb9a3;10026268;WarRoom Store;G3;Não Informado;1;R2;S8;816-455-8733;1;10026268
8483fa1ad5e357f68be608e75b29ef12c4389e5027339fe15a1e4c4475f8c2a2;10022168;QualServe Shop;G2;Não Informado;1;R1;S11;816-455-8733;2;10022168
53cfead44713b6ef8a26a448c2a3272637a456aa98afd81bd51b39a2a2937804;10022423;Qwest Shop;G2;Não Informado;1;R2;S5;816-455-8733;2;10022423
fa07ea03f93066784733341b01a294fe5da6ec67cfde339e93b048a80211f572;10005043;Bezeq Shop;G1;M1;1;R3;S18;816-455-8733;1;10005043
3072c12b1f79b63c2eee7f1404c32072226ed6de4fec439282074f60e042789f;10025284;Towmotor Supermarket;G2;Não Informado;1;R3;S16;816-455-8733;2;10025284
7af505af546304be6c719ffa0668c7a7f022c148215adb93826947939f087d0d;10021459;Papyrus Shop;G2;Não Informado;1;O2;S12;816-455-8733;2;10021459
e0a6ba7489c7914ab72d81249ee009fed08396caf314fdecdb3fab21493651c3;10026062;Venable Shop;G2;Não Informado;1;R2;S5;816-455-8733;2;10026062
3e8d7de0e18c45bb075d69e6c3c59a50d8ea966446174dbff640435208c9b7d0;10025771;VA Supermarket;G2;Não Informado;1;R3;S1;816-455-8733;2;10025771
a6169badb4ca04269d26d9cfb388ef5ef02d8eb45740aaf5271270f7d643ab6f;10022755;Real Supermarket;G1;M1;1;R3;S19;816-455-8733;1;10022755
fb27f345a9170bbfe9fa61cff955f489333be4e6ed6b6f4d662628ddc8f143c7;10021111;P.C'S Shop;G3;Não Informado;1;R3;S5;816-455-8733;1;10021111
de68fa655053365f2b18f4f6dedadcbff64da6b9393af9fdd89f8fc79e3bbcbd;10009907;Del Supermarket;G2;Não Informado;1;R2;S9;816-455-8733;2;10009907
03b74d93c9cf8df90fdf93858fcdcf9db8ce123308384c3b38413b8764663ed0;10007122;C Store;G2;Não Informado;1;R3;S16;816-455-8733;2;10007122
c58672584900e302c3662dc40378b02cdf6bf58275f32aeaa953e8ef017f9c0d;10014469;Harte-Hanks Market;G2;Não Informado;1;O2;S12;816-455-8733;2;10014469
2e514305a540aff63e22c145ae9541d8fdd7c76fc2c834ea5fef1849cd39b95e;10008893;Caravelle Shop;G2;Não Informado;1;R3;S1;816-455-8733;2;10008893
329350ea6b9082d8d02dc8e0ecf79e1f31aded53182a77c83bcd554670c310dd;10023511;Sage Supermarket;G1;Não Informado;1;R1;S13;816-455-8733;1;10023511
3e09e4883f28a9d6f2958a05fb0001a8c24b621f6becf4d553ce57af6cba601c;10013397;G-Com Supermarket;G2;Não Informado;1;R3;S9;816-455-8733;1;10013397
6c7512fee5309bb7e84577aaa820fd4bc17dd16574d3461e9cba8bcdb2b8879b;10021804;Picka Superstore;G2;Não Informado;1;R3;S1;816-455-8733;1;10021804
599f21e31c08f70038bff13d9e723639e7bfa0acda1fb316ba479f11c7630f99;10012425;Fins Shop;G2;Não Informado;1;R1;S4;816-455-8733;2;10012425
1cf4d1f7b28626a627974449225248cf42016b773f3ffb941a2dffda773dbe79;10025285;Transalta Store;G2;Não Informado;1;R3;S16;816-455-8733;2;10025285
2126ce1e2b6f3c4c8dba943af99717c4ac0a0921632255f979daa65c85f659e5;10011052;Elucidex Shop;G2;Não Informado;1;R3;S16;816-455-8733;1;10011052
55569d6f4a206436d7e16ad1b7f0e86813882f5cdc925822660127d57e04f3bd;10011600;FCS Shop;G2;Não Informado;1;R3;S5;816-455-8733;1;10011600
d1246d20971d2c63adaa7ab3bae5ff3f9252d3c0ec24b810b9e77c11ad2318b1;10021418;Panzl Shop;G2;Não Informado;1;R3;S1;816-455-8733;2;10021418
ee44fdc12eff63b31912b1dd7a08684647eb73ba6ddaba21d023c74102d2e150;10021996;Pinnacle Supermarket;G2;M1;1;R3;S16;816-455-8733;2;10021996
208faeed931e235ca931026e233fb336ccab3b4a1884864c0cc32eb71e0694aa;10009697;Debian Shop;G2;Não Informado;1;R2;S5;816-455-8733;2;10009697
450320914b9726f023241bcb716ed82ed0cd8868cb9d2c828d99d091e662d906;10021411;Panix Shop;G2;Não Informado;1;R3;S4;816-455-8733;1;10021411
fefc3be292791f90074698a372e95072ada0e0bffaaa2fc747cc424db308b3e5;10011842;Fentek Market;G2;Não Informado;1;R3;S16;816-455-8733;1;10011842
60367958ff1ed9ba4bcb66f2e9ed9414c18da09095f40ba226b358dba53751b8;10025247;Telesat Supermarket;G2;Não Informado;1;R2;S5;816-455-8733;2;10025247
6ad077a13273599f7b1d3d676983a8811d09f1f3652f5c09e766993e035300f1;10014238;Harbor Store;G1;M1;1;R3;S19;816-455-8733;1;10014238
2e577f76a1a62361f4dec69ea0133350bfca64311e220c106e8a4e053554005f;10025252;Times Store;G2;Não Informado;1;R3;S16;816-455-8733;2;10025252
b4c1cf7a8282be3ff3e7ca5663e883cbc36d2ef7935323e65e0c7e9e81d038fb;10005919;Big Store;G2;Não Informado;1;R3;S4;816-455-8733;1;10005919
ad18d28dbcd073fa006e6eaaed6392175aa42ae124ab6dc37054692bb50f38bf;10025299;U.S. Market;G3;M1;1;R3;S5;816-455-8733;1;10025299
171933b054b94e3f71e3e427ded4a1d8fb95915e7d68d5c5872551e5baa64e4b;10001786;Acara Shop;G2;Não Informado;1;R3;S16;816-455-8733;1;10001786
b6c9baf0c609c22ede4ec432aa37f0b5a027e48c93ccb0e436828eb80781e04d;10021750;Paul Store;G2;Não Informado;1;R3;S16;816-455-8733;1;10021750
12d60205ef2c8c44ad1aec74c0821839fb060c542a479cfb580589603758e4e7;10001103;AC Store;G2;Não Informado;1;R3;S16;816-455-8733;1;10001103
d06eabff4f3ecdf1135fe8f25ed4ab446e3c5df79a2b3c6970bd8a32ee487811;10020915;Ottercom Shop;G2;Não Informado;1;R3;S16;816-455-8733;2;10020915
0cc2851d839d2512038eebd8b5d44c721de1a0ccf02f71c68e7aba5227e1cdd7;10011398;Ethyl Store;G2;Não Informado;1;R3;S16;816-455-8733;2;10011398
940202eed50d1dd9715de67ab0fe2921c7337c222c2de40405ce168ebbc6966d;10026348;WDND Shop;G2;Não Informado;1;O1;S5;816-455-8733;2;10026348
85787417e1764258e9327efc0ebdc6a7cf9effc0293ace22d7957aa4ffc13778;10017054;Icon Market;G2;Não Informado;1;R3;S1;816-455-8733;2;10017054
b50f31068fc5453cfb2aad857693c8d62c01875c8e155675a452f2d1d9d78c15;10003882;Beech Supermarket;G2;Não Informado;1;R3;S16;816-455-8733;1;10003882
d99d1f4a2124480b9d20018cf87f3e62450dcd24367e2aabe597842f9ebf6fab;10025552;Unison Medistore;G2;Não Informado;1;R3;S13;816-455-8733;2;10025552
782fd9a3e65f5b0d070c72e1c823498d251a890d0eacf5eef4f6e07cafaf78b9;10021415;Pantech Supermarket;G2;Não Informado;1;R3;S1;816-455-8733;2;10021415
364b4d6bac09db45d404ca07fc5ab88e2d6292d83e87f36091bbf83eefb048f8;10000455;Caribian Supermarket;G2;Não Informado;1;R3;S16;816-455-8733;2;10000455
6794e9723fe1a1a237c9cda8be89219c0b8985949a55a62c2559a99d28cb4735;10019682;Lamson Store;G2;Não Informado;1;R3;S3;816-455-8733;2;10019682
3e4752f19f16b00b8de1778a5ff058941945a74b8fc642011077762460f177bb;10025289;Tredegar Market;G2;Não Informado;1;R3;S4;816-455-8733;2;10025289
91cd8a6198b67a769299561440a76a2143f4b56c665b66e8a7e8ece718a900fc;10025359;UKnames.net Shop;G2;Não Informado;1;R4;S18;816-455-8733;1;10025359
0957bba3487250299c4ac176d865ac030054e0f74787fd38b9aac99f42a82b76;10013011;Gamacles Shop;G1;M1;1;R3;S19;816-455-8733;1;10013011
e0f53aa917eb9073a739e7e2256f192ac349c7439fc0893462b95c58f205192a;10007121;C Market;G2;Não Informado;1;R3;S16;816-455-8733;2;10007121
5f35d16ccfce12d118fbcc27d428ccf2dde095a5eb7f9687548d8853f848febd;10027356;Zero Market;G2;Não Informado;1;R3;S1;816-455-8733;2;10027356
0ee9e6e1f8ec79dda1feb823e33fe6cdfb7404b9184b24e7fbd09253887299d0;10009652;Dci Shop;G3;Não Informado;1;R1;S21;816-455-8733;1;10009652
29ff41166bd180352515fa15c0a754f7ae9ef86e653f24b61887f793304bd864;10023221;Reveal Supermarket;G2;M1;1;R3;S16;816-455-8733;2;10023221
e064af3619ce251247967cf9d1dabf465f388eafab9eff624c5fb395eefe76b0;10013509;Geac Shop;G2;Não Informado;1;R3;S16;816-455-8733;2;10013509
4ca2e8888306ebcde8f33338cd3c97600fabead0d1a9f81a08813a72a2a410bf;10016780;iBEAM Shop;G1;M1;1;R3;S18;816-455-8733;1;10016780
738c35283571eb448b006dea31c1749a89f9f465451160fa8ed4e61ab0d22270;10025778;Valicert Midstore;G2;Não Informado;1;R3;S16;816-455-8733;2;10025778
4bf40998e546d03322a4c87ae4ff18193695ba418b6a76bfea2ebfc2b1a885e3;10025034;Talou Shop;G2;Não Informado;1;R3;S4;816-455-8733;2;10025034
e8104874f29dc33cacb8380f61c04547b2211af56860a8036ccd013b915f780e;10013426;GDC Shop;G2;Não Informado;1;R3;S1;816-455-8733;1;10013426
d333595cfe97a1e7be18b75a2f1866a7359f0994d2ed9b0f2af7fd1d2c41af22;10021977;Pinnacle Store;G2;M1;1;R3;S16;816-455-8733;2;10021977
2dcccc9fd4378ae63c3001b2dcbf3311f431e1860893f5f88e8ec64319b9cdc3;10014533;Harvey Shop;G2;Não Informado;1;O2;S12;816-455-8733;2;10014533
8544cf236e0217041a3c7775ab9c0a86ab08a793e4c830c97c108ec5bf3ba065;10019617;Kool-Seal Shop;G2;Não Informado;1;R3;S1;816-455-8733;2;10019617
700a200ff666e9068e68a329eccde92313e0d92cf4f6db49b3efc30c3ad3d84f;10024246;Siemens Supermarket;G2;Não Informado;1;R3;S16;816-455-8733;2;10024246
0d4ec7d9b27e48102a88966cb106dafb2d6249129ee09414ce7f545126f8927f;10002128;Access Store;G1;M1;1;R3;S19;816-455-8733;1;10002128
0a21d2fb40b77ab025bc6d3fb459cf7964dc55e8c7318c9b2cb6bd33f1438d2e;10008134;Canter Shop;G2;M1;1;R3;S16;816-455-8733;2;10008134
b0f9b1e2dd41b9957705b0f96d8f70e6f2f7925629ae49372a23c5fe2355132c;10021668;Pathlight Market;G2;Não Informado;1;R3;S1;816-455-8733;2;10021668
70683640e4f46e6726b3389d30d3e3c1417abbe6d6759887a1fc272b3c61eac9;10025814;Valpatken Shop;G2;Não Informado;1;R3;S1;816-455-8733;2;10025814
7cfcee26065e9c3b2efe10e51f3761680cfe6d5e6c11bb3a817bc8181a4ed92e;10006977;Brazilian Supermarket;G2;Não Informado;1;R3;S16;816-455-8733;1;10006977
c743e2f2b2086498615eb4ac9820bbc5f1c250a2f505cec327364e09cdf9702f;10024477;Smith Supermarket;G1;M1;1;R3;S16;816-455-8733;1;10024477
86949d01b77d1e909cf6dfaf701e87a6d5ce18dd6a6a8694eab8cb48bd8f17ae;10002161;ACME Maxiplace;G2;Não Informado;1;R2;S4;816-455-8733;1;10002161
1c29e0e5325ec08fe4398d42f608b9c90d028fc464a0dc07b6965d9681bb0e73;10013870;Greymac Trust Company;G2;Não Informado;1;R3;S1;816-455-8733;1;10013870
98f38c3bcc173aa404518d5faebc1d33bb6e94da90d283e355aacc26bdc3a2e5;10014546;Hauppauge Supermarket;G2;Não Informado;1;R3;S16;816-455-8733;2;10014546
bfa90cb459d55d992dd9552d67ab01c9b96abe20bea0146fdcbed6ba141b40b7;10019105;Kensington Market;G2;Não Informado;1;R3;S1;816-455-8733;2;10019105
e33ef5c189266949cb810ad1039c8e751a0d285e0d51c0d5af4576a474af8011;10016303;HMR Shop;G2;Não Informado;1;R1;S20;816-455-8733;2;10016303
a381cc383b5632447ac89029ae3c43e33540eaee7dd23ceba714fc6a17691c88;10015267;Helfand Store;G1;M1;1;R3;S19;816-455-8733;1;10015267
656bdb8f44f0d42c0c2ff0125f033dedf84c321dd99906a1a4854d48c00cef8b;10013127;Garbee Supermarket;G3;M1;1;R3;S5;816-455-8733;1;10013127
3e996ebc01289d1605ccdb2ffda4aa18c695bd9dfe1eab84398912e1064694dc;10026581;Xetron Shop;G2;Não Informado;1;R3;S16;816-455-8733;2;10026581
5408628a0396ef4663fe1b446b6aca894182a50645bec6bf16d9e5ed2a0fc289;10007134;C&C Shop;G2;M1;1;R3;S1;816-455-8733;1;10007134
f4395c4318d2cb00bb9eea6890a1f4047f2c1bb3f141eab5bcae409caf44d503;10027119;Yurie Market;G2;Não Informado;1;R3;S16;816-455-8733;1;10027119
77fdb952aaaea53b335ee1dbf998e4ba66e768b06e84909535249204d95a662a;10025036;Tampa Market;G2;Não Informado;1;R3;S9;816-455-8733;2;10025036
141ad074d691134f0d734e08ba5b4142728a9325ec05714c82c78449bcaa9244;10020639;NECX Market;G2;Não Informado;1;R2;S5;816-455-8733;2;10020639
c3077f9ae9c901eb410bb640e86b53181b2ba862c4142ff9250250472dfda7aa;10011093;EMC Shop;G2;M1;1;R3;S16;816-455-8733;1;10011093
f842789a44014c98e73820f511774f479ffde784ad042b146bd059325e3b23c3;10021485;Paracel Gigaplace;G2;Não Informado;1;R1;S22;816-455-8733;2;10021485
4ce43a84fb7fceb57b26192853e29e14da7974a05255404e72a91a6dcb91e0fd;10020390;Miles Supermarket;G2;Não Informado;1;R3;S1;816-455-8733;2;10020390
9a0523ff37556476db8fac6b10ee4b5c9e382ada60ea3eba78667d76d08c5c0c;10011724;Federal Supermarket;G3;Não Informado;1;O2;S1;816-455-8733;1;10011724
1c059f1bbfa1ea9804d26d5db51636aa354c5a1160fd51af334baaaec079a61a;10026355;We Market;G2;Não Informado;1;R3;S3;816-455-8733;2;10026355
1a0a3c40e1ab678ab49a5d0af1c1ddd1a13e019e2164b485ca289bdaec15873f;10024915;Systems Store;G1;M1;1;R3;S16;816-455-8733;1;10024915
77ea6e4fad60f1e6115ef9e74f652ef5e878a247ac93afc4330216148916783f;10018867;Kari Supermarket;G2;Não Informado;1;R3;S16;816-455-8733;2;10018867
c9380d497f5a0ba56fdc0a1220a965c24628ef1d44e78381fb35ed368f0ea0d6;10005861;Big Supermarket;G1;M1;1;R3;S19;816-455-8733;1;10005861
e08f4ae9f55216f73715a93cea67cd6582d773f4a8c01dcbb2ba33a7886bb55d;10016858;IBVA Shop;G2;Não Informado;1;R2;S5;816-455-8733;2;10016858
04d96a29c115aea9bcce17d807a2ebe9f994729ace65ec55fcc1f661114d25ff;10017638;Kellys Gigastore;G2;Não Informado;1;R3;S16;816-455-8733;2;10017638
e2ac3d7ef7df073577946bef6ef87c128f4d6a70766b1aa8115e8ac1bde22f2f;10022431;R&J Shop;G2;Não Informado;1;R2;S11;816-455-8733;2;10022431
9efd9f43f9eabe24d7e5e3216fc9195458eb9ef552b92f96c7d8df11cd9c688d;10026078;Venred Shop;G2;Não Informado;1;R3;S16;816-455-8733;2;10026078
90379697a2cecf5122712d795df9a03b918e8a49cace7d137392cde5248ef0e4;10018371;Joy Supermarket;G1;M1;1;R3;S19;816-455-8733;1;10018371
7476c030beb49034d43128fc423714987d7cc02e2e0091d8ae8f825679d44c62;10011732;Federated Supermarket;G2;Não Informado;1;R3;S16;816-455-8733;1;10011732
254969d2719cd36847994c15c08f27eb0063f61253bc5e4edcd5e0f26d184bf1;10020227;MaxBan Shop;G2;Não Informado;1;R3;S16;816-455-8733;1;10020227
9a2e8933905d25741203ff1c992b2d28d746731779d94bd60f7f0ee980b700fc;10017036;Icon Superstore;G2;Não Informado;1;R1;S11;816-455-8733;2;10017036
61382401820d9b7c7d8c902ce5ae8c64189e2ae14dab355427e6d16084922119;10021911;PING Shop;G1;M1;1;R3;S19;816-455-8733;2;10021911
5883bf1da25ae52d555035524c74b909d1a7a24a0305e280315a27e054c060f2;10007566;Cambio Shop;G2;Não Informado;1;R2;S9;816-455-8733;2;10007566
9819ab951bf85ffb5abd601710f219d045d4b34bfa67d819dd1ee3df252434fb;10022732;RC Market;G2;Não Informado;1;R2;S5;816-455-8733;2;10022732
a3b2aa3df1dd6e3c22e303063c571975d73f926a34694df34d6f617cc4bba551;10000473;Aaron Supermarket;G2;Não Informado;1;R3;S16;816-455-8733;2;10000473
481268ad1294dbc2582e6085d8ea2237f894a62a017bb7119462952077e06bed;10014802;HBS Shop;G1;M1;1;R3;S19;816-455-8733;1;10014802
edf4a01b5630b534d3d5b3fbf1b466dac49c979d2e50061f11b45f308e3f8b6a;10007253;C3 Supermarket;G2;Não Informado;1;O2;S12;816-455-8733;1;10007253
feca5fb51f98e8271c9f14f2475e1629d8bd30d2a90821f82e6d4b8fb6688399;10018580;K Supermarket;G2;Não Informado;1;R2;S1;816-455-8733;2;10018580
49b87f3bd2cccc64c7a44dd6d3c27c5ee317a3a8e8ab9c48e7f73b665d484287;10002139;Accrue Shop;G2;Não Informado;1;R1;S11;816-455-8733;1;10002139
acd123d2d0d194a2148aab5288aff5f4bd161f0e62b4160930fd9f633f8bf8b9;10016784;IBEX Shop;G2;Não Informado;1;R2;S5;816-455-8733;2;10016784
d9b572f57302270a310d093eb8e968a49f4750add2dd48fc2caf9989d9845133;10026006;Vector USA;G3;Não Informado;1;R3;S5;816-455-8733;1;10026006
e4d1b13e3ce9ec49de5ca7aae0f72b9a2e993f16f78a21a2528bda7d88c470a0;10018146;J.M. Supermarket;G3;Não Informado;1;R3;S8;816-455-8733;1;10018146
79cd7280ce9713792f08138f4c9fdf8b2ced775252d69074d34b34802224c173;10007183;C.O.F. Shop;G2;Não Informado;1;R2;S3;816-455-8733;1;10007183
f697ee24c1f787441599f2569fde188f3ff431268bbe5216d9644baa84d51946;10019900;LiveWire Supermarket;G2;Não Informado;1;R3;S16;816-455-8733;2;10019900
fed1664b34592b51cc4b3059fcf02181fd390f4df424589b3daeda37b22911d7;10018665;Kaim Supermarket;G2;M1;1;R3;S16;816-455-8733;2;10018665
4f4e0ff4a73830f6b8da1363682408dddec17ad015d114be3173f14c5cdc9c28;10020080;Lucky Shop;G2;Não Informado;1;O2;S12;816-455-8733;1;10020080
8679ba23dbb0988d24816ded279f95d60c4a2b4e58bbf813b7f6f91816d56c71;10015325;Helius Shop;G2;Não Informado;1;R2;S5;816-455-8733;1;10015325
0f43549fd2b3e52142d3d8dbadb28f4dd059b398a21ea571d017cadeb30f57e4;10002526;Active Shop;G1;M1;1;R3;S19;816-455-8733;1;10002526
08d5e5b31e9a015d218b222e39eb790657212e8ed8d8ed5a36f8f1215d4df160;10024270;Signatures Superstore;G2;Não Informado;1;R3;S4;816-455-8733;2;10024270
18a2e6c6ac48ed24f3bd9f24dd565fda9022af1bd6b9e0e24946493e6d5dde74;10021204;Pacific Store;G3;Não Informado;1;R1;S4;816-455-8733;1;10021204
a557ccb74ad8e95d6726bc26e419f9b2e88af516ced033e6ec551c3b1494d3b2;10002140;Accton Shop;G2;Não Informado;1;R3;S16;816-455-8733;1;10002140
b23564081958bb001bfd42037d162c5e37d817fc46ae9035a5551eeefab9ba98;10012128;Fifth Supermarket;G3;Não Informado;1;R3;S5;816-455-8733;1;10012128
781fc9a8c941608cedaf1eb15af0436e5188eb38a4c2a3e43dec5ca14bca0b8a;10020927;Outbreak Shop;G2;Não Informado;1;R3;S16;816-455-8733;2;10020927
ed959303b2a8b8beed6981fd38b7374273d57ed182c3142dc3e402e284c77482;10026299;Watcom Maxistore;G2;Não Informado;1;R3;S16;816-455-8733;2;10026299
8d7ec4c13ba755f472bc27fa63e3ea60edf3f66e27b4833ef796af9b65e60a73;10026055;Dellovade, Supermarket;G2;Não Informado;1;R3;S16;816-455-8733;2;10026055
550138e65673cb4e531839855db4a0f04363869f137cb1075c2856d04b761748;10025758;UTStarGate Shop;G2;Não Informado;1;R3;S16;816-455-8733;2;10025758
8f9ec13fbc2a6ebdc5007bff5f22a3e9252a998209d293077b469bd1ab138e8a;10025039;Tandy Superstore;G2;Não Informado;1;R1;S11;816-455-8733;2;10025039
c097b58e483eeb62ff651c6140fc66d7d7feb4e334bdceca0d1455faac78ac62;10011360;Equitable Store;G2;Não Informado;1;R2;S5;816-455-8733;1;10011360
9b8e232e2f04a3c8bf89c0638f7695b6c0593ff04cc9ccce19cc6d32c46e6050;10002114;Accel Supermarket;G2;Não Informado;1;R3;S1;816-455-8733;1;10002114
c3f83dd9b8307d06c1e3d2ab4bcd83098c833364a8e58b517b363ad31cda6cea;10009643;David Store;G2;Não Informado;1;R3;S9;816-455-8733;2;10009643
33339a040c129ad05808fc7624cb3e42a91d6f1eac4dee6168d4be0ca32f9589;10022252;Quantum Supermarket;G2;Não Informado;1;R3;S9;816-455-8733;2;10022252
7653b8e86b1d5022c72c26e887b610517405adb3b9cdfe242b9a6c0abbd75363;10026438;PLAINFIELD Market;G1;M1;1;R3;S19;816-455-8733;1;10026438
7efd4d66d87ee69f1756851327c77d0766ac6a9c9b1f2a14436195305e25ca5d;10011198;e-MDs Shop;G2;Não Informado;1;R3;S1;816-455-8733;2;10011198
a4deff64f89793ba60dd43a2f07ab610067c5a67f7ce2592126acd2a7c6b7108;10020256;Maxtor Shop;G2;Não Informado;1;O2;S12;816-455-8733;1;10020256
0984e715d0699ca439185d944b1b907d4014930d5f5fc5df64f6e71f1a8c7112;10013572;GearSource Shop;G2;Não Informado;1;R3;S1;816-455-8733;1;10013572
b347b80b9a1086203f6ae669f8a6636282d95478b562b02fae78e60395caca22;10023793;Savetz Store;G2;Não Informado;1;R2;S2;816-455-8733;2;10023793
b07849154415f16cac7a6d9c471f698f749a00da0eda44864a3832d79742c69f;10023757;SAS Supermarket;G1;Não Informado;1;R3;S19;816-455-8733;1;10023757
210d6bf23179666eee607bb8499050e0c6dd48d227ce1855b38b5e266d59792a;10026521;Xcert Shop;G1;M1;1;R3;S20;816-455-8733;1;10026521
eac4a950e5eecf93733887bc2181b37b2723c500817043f82dd9049027bfcea9;10020445;N.Graphics Shop;G2;Não Informado;1;R3;S16;816-455-8733;2;10020445
13ee778ff9979a662188683e50c8eed428469eddc27a24b93d23af6a4195a5a1;10009647;Dayton Supermarket;G2;Não Informado;1;R3;S16;816-455-8733;2;10009647
e890945c5e5072d71aa579cd64ce51a5142dd0bae13d212716d5991c8ae1da36;10021472;Parabole Shop;G3;Não Informado;1;R3;S5;816-455-8733;1;10021472
7b58b1a34c83f9d8477ed8961b13f81ce313cb0352b0db3b0d2e5ee3112d8801;10013079;Gandalf Supermarket;G2;Não Informado;1;R3;S16;816-455-8733;1;10013079
2ff9da09e2372967992b6b37e76666329eab5fa9ad36245399b95b6da022dfd3;10021986;Pinnacle Supermarket;G2;Não Informado;1;R2;S5;816-455-8733;2;10021986
465ee40238fe849514a0b131c3d871765d084146e3ee656b8ab309b5fa1a36f2;10023778;Satronix Shop;G2;Não Informado;1;R3;S16;816-455-8733;2;10023778
95bac6d88d7b4cf3d028f09fc9849fb515fecf93fcfcfc801b1276f7f5c5cc9f;10009631;Clearout Shop;G2;Não Informado;1;R3;S16;816-455-8733;2;10009631
b8a5cd6d3449a615a887f12689f9111ff03c52e24b08f03fbfeb8d923ab33aa4;10010970;EDP Shop;G2;Não Informado;1;R3;S1;816-455-8733;2;10010970
7d30dccee9f320480060b09ac7726ca88b01c5d82dcc9b11fb6bf6d177005135;10024930;T3West Shop;G3;Não Informado;1;R3;S8;816-455-8733;1;10024930
f6ec0b5b3e78ba20a7a39d919b88e52538d55c165d27eb35dc74113afa889b2e;10020193;Maui Store;G2;Não Informado;1;R2;S5;816-455-8733;1;10020193
47623b394beefa4694e96d97d983addbc17414c4ad98fdd91c58ea6c054b51f8;10000478;Abacus Market;G2;Não Informado;1;R3;S16;816-455-8733;2;10000478
40ecb8e4723b4c9435efa9ebfd621e071bad2781d11be6a1949f3d2c03a0e86e;10022725;Razorfish Shop;G2;Não Informado;1;R3;S16;816-455-8733;2;10022725
2fd08a6a46e69a84043a157a1446aa9ae90bb1d440d13293c2fb6d279d996a38;10025021;Tailwind Shop;G2;Não Informado;1;R3;S16;816-455-8733;2;10025021
ace5fbdcbaea3d45551f711fa4909241b6dbfc19c179749006a5b744d47940c6;10009657;DC-Works Shop;G2;Não Informado;1;R3;S16;816-455-8733;2;10009657
74d4d845597bfc6856dcefa3dada24bc3f95f86b1afd2cbb730212233e0dc4e4;10016113;Hill Supermarket;G2;Não Informado;1;R2;S5;816-455-8733;1;10016113
c3be18cea2d069e2b73cf4843959200020acbe498f616aec47f2ce965fbd07df;10013472;GE Market;G2;Não Informado;1;R3;S9;816-455-8733;2;10013472
613580d597a44ead90f2a45e22e89f6f32855029b7569781dbe2ee508d52a6af;10023471;Road Warriors;G2;Não Informado;1;R3;S16;816-455-8733;2;10023471
8573b2fb1aeb2f0f3d0875cda0f23e7f49b80a2c7f72470def166871ef530a18;10010912;edit.nl Shop;G2;M1;1;R3;S16;816-455-8733;2;10010912
fd04c5d0438b5b96e14dce0d3b7a47f84b339cd6feba34c56d60ed39bc0bc7e0;10026843;XVT Shop;G2;Não Informado;1;R3;S1;816-455-8733;2;10026843
fbd4b93cf45f62d3849602c8c97c255d720e91bb909086c808b788d05355ccf4;10017290;Id Shop;G1;M1;1;R3;S16;816-455-8733;1;10017290
3d3ffb09b1ba86b7075ab5df2da15bc929597dbc7d33d2e360a9ccfb336a83cb;10010832;?change Store;G2;Não Informado;1;R2;S11;816-455-8733;1;10010832
2de10f36ff8bd3a11da48c33fcb86ba4d6ee06d260188f906a84647a74c080a5;10019909;LiveWORLD Shop;G2;Não Informado;1;R2;S5;816-455-8733;2;10019909
723bb9f8c89de686d30b0c66b529e53009cd737593c46eac3560e5876a306fd2;10027050;Your Market;G2;Não Informado;1;R3;S9;816-455-8733;2;10027050
205cfdac2c951811b4f27f9c6661719e4d59adc3bac79b20295b8d12d82dca70;10009863;Deere Store;G1;M1;1;R3;S19;816-455-8733;1;10009863
db7f5905ff4745ec045571f29683daf7c0b4c6e334abc7da5f6a0476685b44f4;10026334;Wayne's Market;G2;Não Informado;1;R3;S16;816-455-8733;1;10026334
0b01c95a69399e53f48c08a1ab5254f234db6a4cd28a217b5fcd9d92797c0bd0;10023241;Revnet Market;G2;Não Informado;1;R1;S11;816-455-8733;2;10023241
a8472732e0aa4de6271e98677dc317a387bef812fa6396d6571b1e65acf401fa;10019664;Koppers Supermarket;G2;Não Informado;1;R1;S20;816-455-8733;2;10019664
195009c8aa72ae623ebc80ed4be11394adc7dd34b154ef441c60bd8e023f11a2;10023003;Remedy Shop;G2;M1;1;R3;S16;816-455-8733;2;10023003
bcb7f0f2e055755cef586e8e13caab52bae4c11464bd66680efcc2b73aced404;10014803;HCHS Shop;G2;Não Informado;1;R3;S16;816-455-8733;2;10014803
17c58391c3446e0744e31eb28e2239264f183a2e1131a37ef335ebe991e8901a;10024260;Sigma Supermarket;G2;Não Informado;1;R3;S16;816-455-8733;2;10024260
12fe82588db0e4ac1c16600b964dccfda575336f4eea574385229f9b25988c94;10007577;Cam-Built Supermarket;G2;Não Informado;1;R3;S1;816-455-8733;2;10007577
ca84b67f4de4ab23ea27407170ffe09c5aa21ed49f6a746339bfca223bfc0105;10007309;Cadtex Shop;G1;M1;1;R3;S19;816-455-8733;1;10007309
661bc64fcecefd458181b623fbe5f5b82e5133dbf4fefbdbe39de0b4efa62b49;10002137;Accidental Shop;G2;Não Informado;1;R3;S16;816-455-8733;1;10002137
e7e5c9f5ee5f303aa04972a4ffd062063e5d7d6cbe74494c884fb1b75e290a6b;10025737;Userland Maxistore;G2;Não Informado;1;R3;S16;816-455-8733;1;10025737
ecb406a754634165b94562caab80d3bb531b8982c575aca564ddbcebbc4e9cb1;10000497;Abplus Shop;G1;Não Informado;1;R3;S16;816-455-8733;1;10000497
d9d3712af5baed9fdec0a82ae26bf6782f86d3aad384e2ff98661decd1ac6b37;10010923;Edmark Shop;G1;Não Informado;1;O2;S1;816-455-8733;1;10010923
eb50c599a9e77c419db3eae9be786ea602e9af95077d314a4d9b8c36f9663e44;10002969;activeDesign Shop;G2;Não Informado;1;R3;S1;816-455-8733;2;10002969
4a69822ab92d67ae39fc258c78ae74c4c6c75c983397e01d73cd990766817f40;10020914;Onetouch Supermarket;G2;Não Informado;1;R3;S16;816-455-8733;2;10020914
defc341df43f090d663d84c829c4d11bab03734df6b70a577f68df4f8b37ee91;10024499;Soloman Market;G2;Não Informado;1;R3;S16;816-455-8733;2;10024499
924419819b2f17a490d85f417512d83cfcb53d653f4cebfe660399971921c978;10016334;Hobart Store;G2;M1;1;R3;S16;816-455-8733;2;10016334
39c80944251d3b40e5509b6f546a6d4c374842c6e798d3d86b663d0f9ad39599;10024541;Southern Supermarket;G2;Não Informado;1;R3;S9;816-455-8733;2;10024541
282e703b89d183aef5c52281a72c8075336f7dab3b52981115b15eae9f9155e9;10025302;U.S. Market;G2;Não Informado;1;R3;S1;816-455-8733;2;10025302
9a92c05433d24c4a8a409dd48d617daf1c9f750c911b97e090a7c843b0173bc3;10026532;Xediom Shop;G2;Não Informado;1;R2;S5;816-455-8733;2;10026532
59db0ce86344f1772ba27ab5815995749a04a26e39e07496f7fda86ef0ad9956;10015275;Helios Shop;G2;Não Informado;1;R3;S16;816-455-8733;2;10015275
4f5651361e53f559f2db2c709841331adfaff08ad85de111a6bbcb080dbe44d2;10016045;High Supermarket;G2;Não Informado;1;R3;S16;816-455-8733;2;10016045
3870e6a1fc1b6ab5fd1d2b33635c84a27c00e625c0865a407ced6acff7480740;10021203;Pacific Market;G2;Não Informado;1;O2;S12;816-455-8733;2;10021203
714ae011ddaad604de7b57a4f09dd106a60ea7a03fe4c057433e1104d34e55d3;10018877;KAT Store;G1;M1;1;R3;S17;816-455-8733;1;10018877
cf6d2efae0b5876aa7321cc9a86a8b34917578b96b3185b408041bfb2a1edd8d;10016588;Bounds Megaplace;G2;M1;1;R3;S16;816-455-8733;2;10016588
23a0d161d80d207c610f2d363d0a2bac5d2686c33fbf5154ccc71015a50ed72b;10004245;Bens Megaplace;G2;Não Informado;1;R2;S3;816-455-8733;2;10004245
3eeb6c30d0d020a83a786c5d4fc1a55fd7a5a3b18e75d7e060af97cb803411a7;10022678;Rave Supermarket;G2;Não Informado;1;R3;S16;816-455-8733;2;10022678
47cec4467763218a6890b5a7a9a12f42a67f1c1ef56eaf18d2ecb67805a95bd1;10020662;Nematron Shop;G1;M1;1;R3;S19;816-455-8733;1;10020662
dafee08a02647fafea4c4dc93ff728c2efbf1d8e398cffc9c681a9f5cce6fb75;10022750;Ready-to-Run Shop;G2;M1;1;R3;S16;816-455-8733;2;10022750
c03a2af49e393520c9fe275e35c2e46ae3d4a29846479211f78512a7b75cf6cd;10023760;SataMine Shop;G2;Não Informado;1;R3;S1;816-455-8733;2;10023760
330da5bb502975f2a065f8436ee6c227279cfb5912a638304c88418606a33643;10009650;Dayton Store;G1;M1;1;R3;S16;816-455-8733;1;10009650
b2925ad10515430e5bdbc1a589db3d211ef051fcc2a432d68f907cc3a118eb35;10026023;VEI Shop;G2;Não Informado;1;R3;S15;816-455-8733;1;10026023
19da772b2fdbab39f4d0547e7311a303256033ec750452eb26d9dc4aded3e3c0;10025304;UBF Shop;G2;Não Informado;1;R3;S16;816-455-8733;1;10025304
0d850537db812d4ec288f1530191260ce98b9d610f85417446d06d2cb81912cf;10013039;Gamma Supermarket;G2;Não Informado;1;O2;S12;816-455-8733;1;10013039
d84d86ce4e7a1bfc6ce4747d1e58864dcff6a550f6f3f3e7b8c881f9cbc3a7a0;10020306;McGraw-Hill Supermarket;G2;Não Informado;1;R3;S16;816-455-8733;1;10020306
49f08ca5799f7e8291b1ae26c89cc92ffaa7ead87ee393f9822b3ab4f64e6db3;10025296;Trust Supermarket;G2;Não Informado;1;R3;S1;816-455-8733;2;10025296
92282c5a2d51b28174a049f88d90d05be46898894bfaf75ff57674765a3d8e1b;10025269;Toledo Market;G2;M1;1;R3;S16;816-455-8733;2;10025269
e116778180f4bed0bcd206ca36d6886f23ff98c83401dfe1028609d8c7baa8da;10023275;RFI Superstore;G2;Não Informado;1;R3;S3;816-455-8733;2;10023275
5e7127974178dfb1dd1875bca7207d46a2b495b68f519db5822261990ff0bdb8;10000469;A-2-Z Supermarket;G3;Não Informado;1;R3;S5;816-455-8733;1;10000469
c008baaf836ade8bea98a2b4f626fa8d16233c4f5365797d8069b5a4502a0811;10024255;Sigma Shop;G2;Não Informado;1;O2;S12;816-455-8733;2;10024255
154a6c9f0084934457d93196b8cf93740b7bc58ef99849046368b73458c87323;10010884;EDC Supermarket;G3;M1;1;R3;S5;816-455-8733;1;10010884
54a14ae27ba63b7fb66f8199f1d0ee318da3b5daa17afdfdbf3ddabf9d48921d;10020515;NBX Stores;G2;Não Informado;1;R3;S1;816-455-8733;1;10020515
df295e27dbe424405eefafaa40871da43cf8ec01dc52bcf2804bea846d2a8b33;10025022;Take Supermarket;G1;M1;1;R3;S19;816-455-8733;1;10025022
fe9f2d5d0925d0d512af21ed97871a1151b14afe93631a26d993487259b5d471;10026294;Wasabi Shop;G1;M1;1;R3;S19;816-455-8733;1;10026294
8f91df7a2022180af1d9f3a4973bac210922e5f9b8b727dc9ddcc7f040824ad4;10007355;CAF Market;G2;Não Informado;1;R3;S16;816-455-8733;2;10007355
c9f096022c7965e8cd4fbd0f7a817c7c7e59d0fe8a526b074229809fd9c96795;10000472;Aaron Store;G2;Não Informado;1;R3;S4;816-455-8733;2;10000472
9a48c6266fbb6b65d1cc7fda6a43176df84bdd4d128d1240841e483a058665b9;10002240;ACS Shop;G2;Não Informado;1;R3;S1;816-455-8733;2;10002240
023c0909e5357bf7fe17a8e09f70acd74eac834071a7a0a95da34d1581bf8f4c;10002149;AccuLAN Shop;G2;Não Informado;1;R3;S16;816-455-8733;1;10002149
e34539bd7161893605433b8a0739e0d288edabf910aeb8b8816461b21ceabf39;10010887;Edia Shop;G3;Não Informado;1;R3;S5;816-455-8733;1;10010887
d193909953f1c3fda565537476e94e6a4595c3eb9b9472ad662b46d16f2980e8;10021494;Paraclipse Shop;G2;Não Informado;1;R3;S1;816-455-8733;1;10021494
6ecf3a7d4d7bd8b8c0f1adadddc2ab28b951062e6177b26ed2e8dc9e272c0a3d;10020868;One Market;G2;Não Informado;1;R3;S1;816-455-8733;1;10020868
82a815a6ca462401d827f2b485252ee525862950ef2d5d6f8d0e6dae38002741;10011821;FenP Supermarket;G2;Não Informado;1;R3;S5;816-455-8733;1;10011821
54c33b8e4e091e8b0c957ea8b460542f2397f45206a8a2a51f497ea56b253578;10008602;Caprica Supermarket;G2;Não Informado;1;R3;S1;816-455-8733;2;10008602
c73ea16c42ade7774d6196b73f3d4ee512a7ea77bd757534e8ff6ef2e212447a;10010969;Edorex Supermarket;G2;Não Informado;1;R3;S16;816-455-8733;2;10010969
61e72c2ef7ee85adc782d048b4562324f5159de27c21385bd08aba20f16243f3;10018363;Jones Stores;G1;M1;1;R3;S18;816-455-8733;1;10018363
37568426f56e3cde212af9eea78dc6cd8a976a1b2c8ec9c31208b204f283371e;10000453;A Supermarket;G1;Não Informado;1;R3;S19;816-455-8733;1;10000453
8cbec2fc3dd1e9df2da0845789f5c637eef3d035dce1a521ac3953354bb877a5;10010990;Elbit Market;G2;Não Informado;1;R1;S20;816-455-8733;1;10010990
f9878ed1ddad962ebbad44b9a5d149d3649dd7a2a4a57ab2824758b4fb851718;10025392;Ultimate Supermarket;G2;Não Informado;1;R3;S16;816-455-8733;1;10025392
a19f49fc2cb262b41ad70fed13457f85cc8ae27f49713e3fdd3b44f0c286e78e;10023780;SAT-SAGEM Supermarket;G1;M1;1;R3;S16;816-455-8733;1;10023780
103239199d02503330841a1afb5a267c2c84380202e0ac022285ac6b4a430d83;10009985;E Supermarket;G2;M1;1;R3;S16;816-455-8733;2;10009985
bc42183df3c2e460827fa45c189e3224b24f2a26d5a4d47f1c772255e398bd61;10025791;Valley Market;G2;M1;1;R3;S16;816-455-8733;2;10025791
b0347d03373ae84df43f6056566136604663bea2f991aff817d7ca5a1deba16f;10005376;Bibb Store;G2;Não Informado;1;R3;S1;816-455-8733;1;10005376
37838cb2cf26c8508b5248baa6816cf5b671d02b91a042660174fb386f7e0e08;10013341;Gatierf Supermarket;G2;Não Informado;1;R2;S2;816-455-8733;1;10013341
edab18754bb84cd8d7ab40e9b9eae876db2aeb204154350eaff2a96bc0746b5a;10014804;HCS Shop;G2;Não Informado;1;R3;S16;816-455-8733;2;10014804
dd314650c596518f7c19bf9b14f662f48e8c474905880328c8a1f536907195c0;10005006;Betacorp Shop;G2;Não Informado;1;R1;S11;816-455-8733;2;10005006
2962c908d6e1d388b3dc7139d862d827dd58c6622396ad6e2f315fde6aef8e7d;10000458;A&R Market;G2;Não Informado;1;R3;S9;816-455-8733;2;10000458
ec16988312699bdd3890882205924abf23fd311db477079f30a56a7d97e0acaf;10011355;Enterprises Shop;G2;Não Informado;1;R3;S16;816-455-8733;1;10011355
180814d5db4f546a8d5da9517e2bde80a349865d23e88265fcb606d1557fcd28;10020715;Old Store;G1;Não Informado;1;O2;S1;816-455-8733;1;10020715
75e8796209175cee6940306e227798ca098db5bfc3e8ea013ecef6ff9ea9b64c;10017553;iLanguage Shop;G2;Não Informado;1;R2;S5;816-455-8733;2;10017553
8bdc5a734c78058c21e4bd1c84de44fc18b43606e53ea38436b6f570293c7471;10025267;Todd Supermarket;G3;Não Informado;1;R3;S5;816-455-8733;1;10025267
42176aec76638b3324d6ba4aa0917f2b563df598367c04b682f3827c7d1b2824;10012851;Gailey Market;G2;Não Informado;1;R3;S1;816-455-8733;1;10012851
6385f2281da7bafdaa25d99dd5cd479e8bc6d7404c885cbbd7af4b6f3968bece;10017828;Lee Megastore;G2;Não Informado;1;R1;S20;816-455-8733;2;10017828
670cfef3d10c84976804f8c684c4dad10e5dce9b6b4e8d081adaa13a9e398f26;10022434;R&R Store;G2;Não Informado;1;R3;S4;816-455-8733;2;10022434
03b83e8b93db2aaf353906bbdc7cc515fb942253fac10216b2a685d4e218cc5b;10020663;Neos Gigaplace;G2;Não Informado;1;R3;S16;816-455-8733;2;10020663
d0c75d8da548f6dd8c3fe70f5c8f99a0f693e6f7e6f2d97b00cece4cd19e4ad7;10020909;Onestar Shop;G2;Não Informado;1;O1;S5;816-455-8733;2;10020909
bec5e28e9bfca7f831df9fd7259a193b13b916fb0898821267421cf7e83a9508;10007564;CAM Market;G2;Não Informado;1;R2;S1;816-455-8733;2;10007564
e3582c6534c8c89c4798408f2014cb047eaa6703cb10cb2c5a59b5c0898da216;10012761;G.R. Supermarket;G1;M1;1;R3;S16;816-455-8733;1;10012761
a6317f7086ec74540e971dbbf61fa06729f216ae74bb931d2d54a27401ec7832;10020446;NACSCORP Shop;G2;Não Informado;1;R2;S5;816-455-8733;2;10020446
f6685692a37df5fb472db437b503292ed795c5bec1638d45752f97a13af62c2a;10020364;Mersey Market;G2;Não Informado;1;R3;S16;816-455-8733;1;10020364
30f6c5be30bb80d9a430ef156d060f61a632820a05ee9cfae3d8f5040b4733e7;10023516;SAIC Supermarket;G2;Não Informado;1;R3;S16;816-455-8733;2;10023516
3a063d3c6be698653c245a2b0d4af2cfff7313b971e9459ef52f21718a74c9c4;10009660;DDR Shop;G2;Não Informado;1;R1;S22;816-455-8733;2;10009660
ffddb382b8085f20a0af25d9647af122a48b638951d59a782a122782f59a4456;10003554;Ad Supermarket;G1;M1;1;R3;S19;816-455-8733;1;10003554
02b77dcdc38109532dc88f7b4251eace3c1188234f6240c6e95bf2f731ae22cd;10025025;Taligent Midstore;G2;M1;1;R3;S16;816-455-8733;2;10025025
f0d7f58ffce7b63b6c39cb5ac338061b63d56d1ecf3aff9578a55b62ddb07c25;10020864;One Store;G2;Não Informado;1;R2;S1;816-455-8733;1;10020864
fbbbf3a0b6f704392f002c28aecf8ea4877ed0e976be7f6b83fef0a512e9f93b;10024262;Signature Shop;G2;Não Informado;1;R3;S16;816-455-8733;2;10024262
676852468e35b87b2d360729e17dfcc2f5f1cc53af24cdf37acc7ccb69e7709f;10012157;Fifth Store;G2;Não Informado;1;R3;S9;816-455-8733;1;10012157
b6a573df9a24417e8dda7877ffc8e6b239267ba7dfa475caf44453f0b3030e7e;10006037;Bigelow Store;G1;Não Informado;1;R3;S16;816-455-8733;2;10006037
514c64f667799199ef69cb266203965d7b3048b4e13f60b5616b7e37868ca32c;10012885;Gainunion Shop;G2;Não Informado;1;R3;S16;816-455-8733;1;10012885
e45e0b7689738cb414188216ed5c2a05120bffc8e160ee2503e781f47fb7cf93;10024942;Tag Supermarket;G2;Não Informado;1;R3;S1;816-455-8733;1;10024942
10875c34111638743f0687b7d790cc24927fd8ab8c1ab1861259cbb51626f225;10022490;Racal-Datacom Shop;G2;M1;1;R3;S16;816-455-8733;2;10022490
c1fec9a9758d495bc88ef61d592b6e859209ef16f0008119a6f03456adf0c96c;10008638;CAPTA Shop;G2;Não Informado;1;R3;S1;816-455-8733;2;10008638
f9418becfcefe47333c3e91643eadd3c78cbc3a5c22195da7c184c25f8c9955c;10027340;Zentrum Market;G2;Não Informado;1;R3;S16;816-455-8733;2;10027340
35b6256a9f89d85373e6d491507a0ad5c5ee31810b1171f8d403f392c367c36f;10025051;Taos Supermarket;G2;Não Informado;1;R3;S16;816-455-8733;2;10025051
5bbbfcb8a2c51dfd817194ae4956fbe034b052645e9c4ef8d608158299298fa7;10017576;Illuminati Shop;G2;Não Informado;1;R3;S16;816-455-8733;2;10017576
ee0b0f27e921dd8fae203f1313d2b0e4ad27d46720147a503beeb1cf236217cd;10025241;TeamStore;G1;Não Informado;1;R1;S5;816-455-8733;1;10025241
44b97b21c6b3d68c5787c8e0db5175510788853e61dbf0b728480fa56aa21661;10026009;Vectrix Shop;G1;M1;1;R3;S18;816-455-8733;1;10026009
dc3757f07199433f151f691cfcf5ffcbbe0ac82e6963e1d3703ed0cab5ef2ab3;10017314;Idyllwild Shop;G2;Não Informado;1;R3;S14;816-455-8733;2;10017314
c49f3b571bc9e94fb590f1628cb878b5298428571bfe1196180cf574c72bc80b;10000496;AboveNet Shop;G2;Não Informado;1;R3;S9;816-455-8733;1;10000496
11e4fb8e67d0f3f5f3be2d6047b0af2018b8217f4bead8905833c77668409934;10025583;United Market;G2;Não Informado;1;R2;S5;816-455-8733;2;10025583
f636bc65c5b66f17d34f451789a68d4da4b77f9935a00304f7f36459101d3e96;10005236;BH Supermarket;G2;Não Informado;1;R3;S16;816-455-8733;1;10005236
2a25a078056bdd00968f3bc28070a75d1000a54653a184f3816346a2f11931cd;10021331;Palo Supermarket;G2;Não Informado;1;R2;S5;816-455-8733;1;10021331
0fb91b6509b3d8f65fcb0e26c13645712bafda58c5dc03d669ba2bbee6cf629c;10020181;Markets;G1;M1;1;R3;S19;816-455-8733;1;10020181
145f3c127522b857c71b3fbd18a8deed5219140473dcc20c529494e96b3eb0fb;10026868;Xyratex Shop;G1;M1;1;R3;S16;816-455-8733;1;10026868
cfd59ace6ad336b83b620a6a00b82b3114120e1707e4b90e7cdf5cee285306fc;10013670;Gehlken Supermarket;G2;Não Informado;1;R3;S1;816-455-8733;1;10013670
9d1d455bd2aedfd0561c3e242449b4ff8b4441c8893d80eb645177df067e4e4f;10023783;Saturnus Supermarket;G2;Não Informado;1;R3;S16;816-455-8733;2;10023783
2c53f12f6d694e7a32ee71151565ac6ffd659e114f541913d0123889fce58417;10022764;RealiDyne Shop;G2;Não Informado;1;R3;S5;816-455-8733;2;10022764
c9260c3cfd4797c0ff0d8247f5c10a5a37e57b8c590e58ba5a602a765d447f69;10021160;Pacific Gigaplace;G1;M1;1;R3;S19;816-455-8733;1;10021160
2c909838d785e994d57d550a9e47f98c6203ede966724d6b8f4426f96fe8a240;10021158;Pacific Supermarket;G3;Não Informado;1;R3;S17;816-455-8733;1;10021158
11792322b3ef350a3abd88d5f00bd195df657df3f9efc30a893c3c964e6f80e7;10027053;YourFuture Shop;G2;Não Informado;1;R3;S9;816-455-8733;2;10027053
e8bf90b1cb53917e15f81f98e736c965feda8e2b877fad35a55eff42ee2c38b2;10023715;Diss Gigastore;G2;M1;1;R3;S16;816-455-8733;2;10023715
38b89c6d677cd4686031bfe431cba6072ad65a3658ef738ea502f8b8dfd75038;10009676;Pereras;G2;Não Informado;1;R3;S16;816-455-8733;2;10009676
bad5d6e7abb3a4a0e49c99b3263fc15dac45854d52b60edb2ad50716f5bcce6d;10003795;Bechtel Supermarket;G2;Não Informado;1;R3;S16;816-455-8733;2;10003795
2274685dcd50844f70a43a17b5333d6647085dff19c32c21e58f6a57e4c030e3;10018603;K&K Supermarket;G1;M1;1;R3;S19;816-455-8733;1;10018603
adbc72b70b8a4487428a4ac383efbf338b41f96841144e7f1ab6af29edbff065;10017307;Idyll Store;G3;Não Informado;1;R3;S8;816-455-8733;1;10017307
a5ca6915dc2bd88ee7a6a8db1119f78124cf3969567f63d1d49d1a08d9bb4799;10002154;Acer Superstore;G3;Não Informado;1;R2;S8;816-455-8733;1;10002154
701e74563db91304ec3cfe718682bebec71b724de77e44d5e8d1f9352f84eea4;10020849;OnDeck Store;G2;Não Informado;1;R3;S1;816-455-8733;1;10020849
e1cd2edbbb7704590e4b09a38966c4ad643a3d6a50e948dc28a80be8e3ee93d9;10019388;KeyComm Shop;G2;Não Informado;1;R3;S1;816-455-8733;2;10019388
ac6bc063c0b080b63ef0400a919a0cd6126f5b9bb707e49473f5d9dbeabed501;10025353;Total Store;G2;Não Informado;1;R2;S5;816-455-8733;1;10025353
1cd23aa20957ae327d5f2ca8bc8c51fc44beac77a8b9ff138beec5b45744190f;10011997;Fibronics Shop;G2;Não Informado;1;R3;S16;816-455-8733;2;10011997
8b394cab10988c69a908302a89c8c03af304b161bd7720201abf68427646d8a9;10021139;Pace Shop;G3;Não Informado;1;R3;S5;816-455-8733;2;10021139
30f919d69c692b0efd9332e998be2300468cb1a567d5438b6eba696e11d57ff8;10009654;DCS Store;G2;Não Informado;1;R3;S16;816-455-8733;2;10009654
2c468ba01574a5c7dd161cc1ae866bec351c927dce43d456bb0116fbd534ea16;10014059;GURUs Shop;G2;Não Informado;1;R2;S5;816-455-8733;1;10014059
370ffa3b6d07b6f02781a1b7c7dd422f61a53831fa02dbafa7d510e16f3baf8c;10010886;EDGE Supermarket;G2;Não Informado;1;R1;S11;816-455-8733;2;10010886
e00e109097080870615d0f71fbb6e64ab0b19a66d9fc96fc896f870c87781568;10019400;Keystar Superstore;G2;Não Informado;1;R3;S1;816-455-8733;2;10019400
d95e7a9f06c3eae1618edf93cbe71d5c5ce889a1ecfc13b6edbafaee68384e78;10025558;Unisys Shop;G2;Não Informado;1;R3;S1;816-455-8733;2;10025558
ecd9e662928435f6ea36e891333e58610cef2c555483e8b475a114f2740deb36;10025264;Today Shop;G2;Não Informado;1;R3;S16;816-455-8733;2;10025264
fd0466a1ced8854e6734256dc6a8967e735c8bde2db4230038ac86e6174417f6;10024022;Screen Supermarket;G2;Não Informado;1;R1;S20;816-455-8733;2;10024022
b0fa9543d6177451340d79e8558309a19d5116b1ebd440d656aeef0724c8781b;10025037;Tampere Shop;G2;Não Informado;1;R2;S4;816-455-8733;2;10025037
fa83bc350774e77f5dad3ed6cc66beb6bfb49d3dba7add287ef04a354aca560a;10026038;Velos Supermarket;G1;M1;1;R3;S19;816-455-8733;1;10026038
29808023594da21bb8a44f85f680477c730eb79edb99a28f8f0e3107c63fffff;10022962;Reflex Store;G1;M1;1;R3;S19;816-455-8733;1;10022962
d49cb0ed63743d6f8d50e361593efd42e567640c846df699291814f14767567a;10002153;Ace Market;G2;Não Informado;1;R2;S5;816-455-8733;1;10002153
f3ff4735ec0880f19798e9935fcf235dc70f14740a1c9475997484dfac9e892d;10012226;Fills;G2;Não Informado;1;R3;S13;816-455-8733;2;10012226
dbd9ec74190aff46442f204fc512c068541d208eb9624a59ef1bf467644dfdca;10024016;Screen Supermarket;G1;M1;1;R3;S19;816-455-8733;1;10024016
a26919ef9abab7dfbe31d8430cd40ae4cc32dc97d3c79c53ea7fe92e459d6d68;10002155;ACES Supermarket;G1;M1;1;R3;S18;816-455-8733;1;10002155
9088f9292ec8069eb491a179b6fd06d0d705fb3521aa3c4cedb98211cdf9fdcc;10012161;Filetron Shop;G2;Não Informado;1;R3;S1;816-455-8733;1;10012161
0c30d29b1dff995c13f60deda5a34ccdef05d0db05d1ff020d793057a25dcf7e;10010865;ECS Supermarket;G2;Não Informado;1;R3;S1;816-455-8733;1;10010865
